CustomerID,churn_probability,churn_prediction,risk
12347,0.195752,0,LOW
12348,0.727516,1,HIGH
12352,0.664691,1,HIGH
12353,0.778065,1,HIGH
12354,0.678926,1,HIGH
12355,0.734393,1,HIGH
12356,0.724886,1,HIGH
12358,0.673532,1,HIGH
12359,0.670995,1,HIGH
12360,0.412667,0,MEDIUM
12362,0.183551,0,LOW
12363,0.551741,1,MEDIUM
12364,0.623369,1,MEDIUM
12370,0.696674,1,HIGH
12372,0.689464,1,HIGH
12378,0.287981,0,LOW
12379,0.734212,1,HIGH
12380,0.640503,1,MEDIUM
12381,0.512407,1,MEDIUM
12383,0.267819,0,LOW
12384,0.615768,1,MEDIUM
12388,0.63168,1,MEDIUM
12393,0.698233,1,HIGH
12394,0.735747,1,HIGH
12395,0.140104,0,LOW
12397,0.619555,1,MEDIUM
12399,0.129772,0,LOW
12405,0.585659,1,MEDIUM
12406,0.641495,1,MEDIUM
12407,0.22812,0,LOW
12408,0.472315,0,MEDIUM
12409,0.68094,1,HIGH
12412,0.44761,0,MEDIUM
12413,0.760075,1,HIGH
12414,0.419219,0,MEDIUM
12415,0.000112,0,LOW
12417,0.059766,0,LOW
12418,0.574103,1,MEDIUM
12421,0.415125,0,MEDIUM
12422,0.702275,1,HIGH
12423,0.087149,0,LOW
12424,0.669505,1,HIGH
12426,0.671118,1,HIGH
12428,0.027533,0,LOW
12429,0.498314,0,MEDIUM
12431,0.170462,0,LOW
12432,0.506757,1,MEDIUM
12434,0.746745,1,HIGH
12435,0.727089,1,HIGH
12437,0.180355,0,LOW
12438,0.641869,1,MEDIUM
12444,0.291924,0,LOW
12447,0.716933,1,HIGH
12449,0.289834,0,LOW
12450,0.542548,1,MEDIUM
12451,0.671326,1,HIGH
12453,0.657792,1,HIGH
12455,0.261206,0,LOW
12456,0.419464,0,MEDIUM
12457,0.575284,1,MEDIUM
12461,0.640502,1,MEDIUM
12463,0.266275,0,LOW
12464,0.296723,0,LOW
12465,0.689445,1,HIGH
12468,0.667506,1,HIGH
12471,0.04743,0,LOW
12472,0.228976,0,LOW
12473,0.397913,0,MEDIUM
12474,0.084139,0,LOW
12476,0.223706,0,LOW
12477,0.347193,0,LOW
12480,0.593242,1,MEDIUM
12481,0.204523,0,LOW
12483,0.335957,0,LOW
12484,0.176281,0,LOW
12490,0.117125,0,LOW
12492,0.645294,1,MEDIUM
12493,0.441186,0,MEDIUM
12494,0.507718,1,MEDIUM
12500,0.250181,0,LOW
12502,0.21559,0,LOW
12506,0.664594,1,HIGH
12507,0.573225,1,MEDIUM
12510,0.677377,1,HIGH
12513,0.556833,1,MEDIUM
12514,0.740906,1,HIGH
12516,0.681826,1,HIGH
12517,0.297942,0,LOW
12518,0.608097,1,MEDIUM
12520,0.177237,0,LOW
12521,0.62292,1,MEDIUM
12523,0.130953,0,LOW
12524,0.25311,0,LOW
12528,0.404834,0,MEDIUM
12530,0.515568,1,MEDIUM
12534,0.529196,1,MEDIUM
12535,0.704595,1,HIGH
12539,0.749489,1,HIGH
12540,0.022127,0,LOW
12541,0.503397,1,MEDIUM
12545,0.710993,1,HIGH
12547,0.66259,1,HIGH
12548,0.725546,1,HIGH
12553,0.106222,0,LOW
12556,0.629552,1,MEDIUM
12557,0.612987,1,MEDIUM
12560,0.388076,0,MEDIUM
12562,0.177823,0,LOW
12564,0.752669,1,HIGH
12567,0.119187,0,LOW
12569,0.045921,0,LOW
12571,0.624865,1,MEDIUM
12573,0.736814,1,HIGH
12576,0.467835,0,MEDIUM
12580,0.699724,1,HIGH
12582,0.69096,1,HIGH
12583,0.070622,0,LOW
12584,0.235991,0,LOW
12585,0.730577,1,HIGH
12589,0.689501,1,HIGH
12590,0.663947,1,HIGH
12592,0.736794,1,HIGH
12593,0.363406,0,MEDIUM
12594,0.115518,0,LOW
12596,0.741697,1,HIGH
12597,0.543185,1,MEDIUM
12598,0.461291,0,MEDIUM
12599,0.206015,0,LOW
12600,0.092238,0,LOW
12601,0.330634,0,LOW
12604,0.742307,1,HIGH
12609,0.724423,1,HIGH
12610,0.388754,0,MEDIUM
12613,0.407033,0,MEDIUM
12614,0.721507,1,HIGH
12615,0.682406,1,HIGH
12619,0.179313,0,LOW
12620,0.685231,1,HIGH
12621,0.012379,0,LOW
12622,0.770669,1,HIGH
12623,0.753199,1,HIGH
12624,0.436178,0,MEDIUM
12625,0.657149,1,HIGH
12626,0.094848,0,LOW
12627,0.133728,0,LOW
12633,0.421546,0,MEDIUM
12635,0.603703,1,MEDIUM
12637,0.307293,0,LOW
12639,0.721072,1,HIGH
12641,0.640449,1,MEDIUM
12642,0.556755,1,MEDIUM
12643,0.285925,0,LOW
12644,0.578602,1,MEDIUM
12645,0.549157,1,MEDIUM
12647,0.097332,0,LOW
12648,0.670334,1,HIGH
12649,0.586821,1,MEDIUM
12653,0.655277,1,HIGH
12654,0.69317,1,HIGH
12656,0.261621,0,LOW
12662,0.068665,0,LOW
12664,0.606362,1,MEDIUM
12668,0.721842,1,HIGH
12669,0.300751,0,LOW
12670,0.486135,0,MEDIUM
12674,0.488376,0,MEDIUM
12676,0.214988,0,LOW
12678,0.0684,0,LOW
12679,0.601052,1,MEDIUM
12680,0.647043,1,MEDIUM
12681,0.045727,0,LOW
12682,0.016259,0,LOW
12683,0.061109,0,LOW
12684,0.34486,0,LOW
12688,0.331833,0,LOW
12689,0.57308,1,MEDIUM
12690,0.679153,1,HIGH
12691,0.706848,1,HIGH
12693,0.210541,0,LOW
12694,0.75164,1,HIGH
12695,0.558814,1,MEDIUM
12697,0.520612,1,MEDIUM
12700,0.37166,0,MEDIUM
12701,0.733146,1,HIGH
12704,0.255645,0,LOW
12705,0.11727,0,LOW
12708,0.071467,0,LOW
12709,0.07151,0,LOW
12710,0.495012,0,MEDIUM
12712,0.0796,0,LOW
12714,0.160158,0,LOW
12715,0.642551,1,MEDIUM
12716,0.640244,1,MEDIUM
12717,0.488123,0,MEDIUM
12720,0.023165,0,LOW
12721,0.486399,0,MEDIUM
12722,0.234469,0,LOW
12724,0.705716,1,HIGH
12726,0.289347,0,LOW
12727,0.560744,1,MEDIUM
12728,0.741429,1,HIGH
12729,0.587856,1,MEDIUM
12731,0.08583,0,LOW
12732,0.69445,1,HIGH
12733,0.75986,1,HIGH
12743,0.564308,1,MEDIUM
12744,0.357771,0,MEDIUM
12747,0.124665,0,LOW
12748,0.000228,0,LOW
12749,0.3353,0,LOW
12750,0.59162,1,MEDIUM
12753,0.280012,0,LOW
12754,0.3851,0,MEDIUM
12755,0.76451,1,HIGH
12757,0.213096,0,LOW
12758,0.487866,0,MEDIUM
12759,0.522053,1,MEDIUM
12763,0.70651,1,HIGH
12766,0.526418,1,MEDIUM
12769,0.691834,1,HIGH
12770,0.694876,1,HIGH
12775,0.276868,0,LOW
12778,0.4242,0,MEDIUM
12779,0.175681,0,LOW
12782,0.556445,1,MEDIUM
12787,0.677955,1,HIGH
12790,0.717328,1,HIGH
12792,0.708971,1,HIGH
12798,0.675031,1,HIGH
12802,0.65557,1,HIGH
12808,0.713659,1,HIGH
12809,0.663346,1,HIGH
12811,0.607641,1,MEDIUM
12814,0.628624,1,MEDIUM
12815,0.458927,0,MEDIUM
12816,0.712843,1,HIGH
12817,0.801913,1,HIGH
12818,0.746154,1,HIGH
12821,0.758413,1,HIGH
12823,0.444065,0,MEDIUM
12826,0.672148,1,HIGH
12828,0.337345,0,LOW
12830,0.2405,0,LOW
12831,0.752276,1,HIGH
12833,0.66674,1,HIGH
12834,0.71287,1,HIGH
12836,0.536617,1,MEDIUM
12837,0.730027,1,HIGH
12839,0.1241,0,LOW
12840,0.145255,0,LOW
12841,0.029169,0,LOW
12843,0.15693,0,LOW
12844,0.62074,1,MEDIUM
12845,0.58202,1,MEDIUM
12849,0.714305,1,HIGH
12853,0.558576,1,MEDIUM
12854,0.712864,1,HIGH
12857,0.6968,1,HIGH
12864,0.688091,1,HIGH
12865,0.531548,1,MEDIUM
12866,0.761511,1,HIGH
12867,0.203608,0,LOW
12868,0.251435,0,LOW
12871,0.736162,1,HIGH
12873,0.783567,1,HIGH
12875,0.728069,1,HIGH
12876,0.68876,1,HIGH
12877,0.09441,0,LOW
12878,0.520719,1,MEDIUM
12881,0.748198,1,HIGH
12885,0.571793,1,MEDIUM
12886,0.663556,1,HIGH
12888,0.592914,1,MEDIUM
12891,0.532326,1,MEDIUM
12897,0.725923,1,HIGH
12901,0.023495,0,LOW
12902,0.72921,1,HIGH
12904,0.677813,1,HIGH
12908,0.744899,1,HIGH
12909,0.474406,0,MEDIUM
12910,0.297425,0,LOW
12913,0.740897,1,HIGH
12915,0.680194,1,HIGH
12916,0.300319,0,LOW
12917,0.702494,1,HIGH
12919,0.206543,0,LOW
12921,0.045571,0,LOW
12922,0.706741,1,HIGH
12924,0.536168,1,MEDIUM
12928,0.527467,1,MEDIUM
12930,0.704938,1,HIGH
12931,0.025796,0,LOW
12933,0.579972,1,MEDIUM
12935,0.255585,0,LOW
12937,0.62665,1,MEDIUM
12939,0.632062,1,MEDIUM
12942,0.466835,0,MEDIUM
12947,0.266303,0,LOW
12948,0.208273,0,LOW
12949,0.12139,0,LOW
12951,0.2154,0,LOW
12955,0.130182,0,LOW
12957,0.272286,0,LOW
12962,0.633009,1,MEDIUM
12968,0.666257,1,HIGH
12971,0.023602,0,LOW
12974,0.679596,1,HIGH
12976,0.669382,1,HIGH
12977,0.740954,1,HIGH
12980,0.256588,0,LOW
12981,0.699634,1,HIGH
12982,0.697707,1,HIGH
12987,0.706128,1,HIGH
12989,0.193914,0,LOW
12990,0.739768,1,HIGH
12991,0.624187,1,MEDIUM
12993,0.505387,1,MEDIUM
12994,0.410555,0,MEDIUM
12997,0.717396,1,HIGH
12999,0.399412,0,MEDIUM
13000,0.61662,1,MEDIUM
13001,0.061145,0,LOW
13003,0.239534,0,LOW
13004,0.040811,0,LOW
13005,0.540093,1,MEDIUM
13012,0.453812,0,MEDIUM
13013,0.08564,0,LOW
13014,0.112669,0,LOW
13015,0.325824,0,LOW
13016,0.639165,1,MEDIUM
13018,0.014995,0,LOW
13021,0.263564,0,LOW
13023,0.580767,1,MEDIUM
13026,0.591946,1,MEDIUM
13027,0.064123,0,LOW
13029,0.667072,1,HIGH
13035,0.704024,1,HIGH
13037,0.413707,0,MEDIUM
13038,0.689604,1,HIGH
13043,0.767012,1,HIGH
13046,0.769059,1,HIGH
13047,0.128956,0,LOW
13048,0.505794,1,MEDIUM
13050,0.032528,0,LOW
13052,0.732183,1,HIGH
13055,0.656862,1,HIGH
13058,0.702514,1,HIGH
13059,0.72205,1,HIGH
13060,0.718084,1,HIGH
13062,0.743781,1,HIGH
13064,0.642239,1,MEDIUM
13069,0.02611,0,LOW
13070,0.719616,1,HIGH
13072,0.704297,1,HIGH
13075,0.595761,1,MEDIUM
13078,0.02716,0,LOW
13079,0.719719,1,HIGH
13080,0.730371,1,HIGH
13081,0.038484,0,LOW
13082,0.058794,0,LOW
13085,0.698524,1,HIGH
13089,0.001514,0,LOW
13090,0.168932,0,LOW
13092,0.406248,0,MEDIUM
13093,0.757552,1,HIGH
13094,0.139823,0,LOW
13097,0.089674,0,LOW
13098,0.012926,0,LOW
13101,0.751055,1,HIGH
13102,0.068548,0,LOW
13104,0.682205,1,HIGH
13106,0.725935,1,HIGH
13107,0.645083,1,MEDIUM
13109,0.699333,1,HIGH
13110,0.528782,1,MEDIUM
13113,0.053744,0,LOW
13115,0.690823,1,HIGH
13116,0.662988,1,HIGH
13117,0.198685,0,LOW
13118,0.465367,0,MEDIUM
13120,0.721587,1,HIGH
13121,0.732126,1,HIGH
13122,0.696512,1,HIGH
13124,0.67123,1,HIGH
13126,0.656701,1,HIGH
13131,0.669449,1,HIGH
13132,0.749308,1,HIGH
13133,0.734652,1,HIGH
13134,0.454257,0,MEDIUM
13135,0.6848,1,HIGH
13136,0.523756,1,MEDIUM
13137,0.152787,0,LOW
13138,0.539678,1,MEDIUM
13139,0.250985,0,LOW
13140,0.424249,0,MEDIUM
13141,0.336037,0,LOW
13145,0.730673,1,HIGH
13148,0.174593,0,LOW
13149,0.431215,0,MEDIUM
13157,0.642087,1,MEDIUM
13158,0.342148,0,LOW
13159,0.291331,0,LOW
13162,0.325993,0,LOW
13166,0.748812,1,HIGH
13167,0.398639,0,MEDIUM
13168,0.721368,1,HIGH
13169,0.77189,1,HIGH
13178,0.139478,0,LOW
13183,0.112757,0,LOW
13184,0.098226,0,LOW
13185,0.746126,1,HIGH
13186,0.534408,1,MEDIUM
13189,0.614543,1,MEDIUM
13192,0.70631,1,HIGH
13194,0.653464,1,HIGH
13196,0.73057,1,HIGH
13198,0.17795,0,LOW
13199,0.048372,0,LOW
13200,0.651056,1,HIGH
13203,0.510107,1,MEDIUM
13207,0.688044,1,HIGH
13208,0.273355,0,LOW
13209,0.11322,0,LOW
13213,0.265097,0,LOW
13216,0.750187,1,HIGH
13217,0.320461,0,LOW
13218,0.688275,1,HIGH
13220,0.380437,0,MEDIUM
13221,0.749338,1,HIGH
13223,0.554867,1,MEDIUM
13224,0.674957,1,HIGH
13225,0.314469,0,LOW
13226,0.759637,1,HIGH
13227,0.69076,1,HIGH
13229,0.722684,1,HIGH
13230,0.045698,0,LOW
13232,0.218419,0,LOW
13235,0.722827,1,HIGH
13236,0.547188,1,MEDIUM
13238,0.69204,1,HIGH
13239,0.698994,1,HIGH
13240,0.629831,1,MEDIUM
13242,0.587403,1,MEDIUM
13243,0.660746,1,HIGH
13246,0.48898,0,MEDIUM
13248,0.494321,0,MEDIUM
13249,0.779856,1,HIGH
13253,0.649167,1,MEDIUM
13258,0.724777,1,HIGH
13261,0.757121,1,HIGH
13262,0.770192,1,HIGH
13263,0.004274,0,LOW
13265,0.253536,0,LOW
13266,0.042027,0,LOW
13267,0.077894,0,LOW
13268,0.052241,0,LOW
13269,0.049882,0,LOW
13273,0.635426,1,MEDIUM
13277,0.346149,0,LOW
13280,0.646032,1,MEDIUM
13282,0.57412,1,MEDIUM
13283,0.719274,1,HIGH
13285,0.469874,0,MEDIUM
13291,0.622007,1,MEDIUM
13294,0.432826,0,MEDIUM
13296,0.699254,1,HIGH
13299,0.752296,1,HIGH
13300,0.695438,1,HIGH
13301,0.220191,0,LOW
13302,0.763371,1,HIGH
13305,0.193452,0,LOW
13307,0.701747,1,HIGH
13308,0.706107,1,HIGH
13309,0.710978,1,HIGH
13310,0.708746,1,HIGH
13311,0.695885,1,HIGH
13313,0.511897,1,MEDIUM
13316,0.519502,1,MEDIUM
13317,0.466851,0,MEDIUM
13319,0.030186,0,LOW
13320,0.441419,0,MEDIUM
13324,0.483147,0,MEDIUM
13327,0.120776,0,LOW
13330,0.705262,1,HIGH
13334,0.590885,1,MEDIUM
13338,0.649105,1,MEDIUM
13339,0.601163,1,MEDIUM
13340,0.14766,0,LOW
13341,0.664071,1,HIGH
13343,0.692252,1,HIGH
13344,0.658876,1,HIGH
13355,0.623533,1,MEDIUM
13357,0.623587,1,MEDIUM
13358,0.708246,1,HIGH
13362,0.648453,1,MEDIUM
13365,0.685429,1,HIGH
13368,0.67937,1,HIGH
13373,0.510837,1,MEDIUM
13376,0.421531,0,MEDIUM
13379,0.673877,1,HIGH
13381,0.208811,0,LOW
13382,0.724924,1,HIGH
13384,0.328243,0,LOW
13388,0.626455,1,MEDIUM
13389,0.716949,1,HIGH
13391,0.707284,1,HIGH
13394,0.092096,0,LOW
13395,0.72523,1,HIGH
13397,0.495994,0,MEDIUM
13398,0.69565,1,HIGH
13402,0.650622,1,HIGH
13404,0.711876,1,HIGH
13405,0.748684,1,HIGH
13408,0.01041,0,LOW
13410,0.671134,1,HIGH
13411,0.619039,1,MEDIUM
13414,0.566765,1,MEDIUM
13417,0.759669,1,HIGH
13418,0.047356,0,LOW
13420,0.415425,0,MEDIUM
13425,0.383557,0,MEDIUM
13426,0.278496,0,LOW
13427,0.500826,1,MEDIUM
13435,0.294884,0,LOW
13437,0.281205,0,LOW
13439,0.693803,1,HIGH
13448,0.675822,1,HIGH
13450,0.202446,0,LOW
13451,0.087384,0,LOW
13452,0.672329,1,HIGH
13453,0.660679,1,HIGH
13456,0.256476,0,LOW
13458,0.093278,0,LOW
13461,0.457152,0,MEDIUM
13462,0.732227,1,HIGH
13466,0.741895,1,HIGH
13468,0.022541,0,LOW
13470,0.689103,1,HIGH
13474,0.654363,1,HIGH
13475,0.261784,0,LOW
13476,0.570889,1,MEDIUM
13477,0.334709,0,LOW
13479,0.521852,1,MEDIUM
13481,0.168938,0,LOW
13482,0.776791,1,HIGH
13484,0.780091,1,HIGH
13485,0.722173,1,HIGH
13486,0.341748,0,LOW
13487,0.759717,1,HIGH
13488,0.086057,0,LOW
13489,0.45501,0,MEDIUM
13491,0.328142,0,LOW
13492,0.343696,0,LOW
13493,0.789653,1,HIGH
13495,0.764141,1,HIGH
13497,0.722391,1,HIGH
13499,0.44101,0,MEDIUM
13500,0.614721,1,MEDIUM
13502,0.711598,1,HIGH
13505,0.203812,0,LOW
13507,0.232898,0,LOW
13508,0.708753,1,HIGH
13509,0.566222,1,MEDIUM
13510,0.629267,1,MEDIUM
13512,0.710704,1,HIGH
13513,0.619934,1,MEDIUM
13515,0.293219,0,LOW
13516,0.725168,1,HIGH
13517,0.279848,0,LOW
13520,0.317707,0,LOW
13523,0.576738,1,MEDIUM
13524,0.303279,0,LOW
13525,0.778938,1,HIGH
13527,0.25672,0,LOW
13529,0.710141,1,HIGH
13531,0.762626,1,HIGH
13533,0.534794,1,MEDIUM
13534,0.031465,0,LOW
13538,0.132508,0,LOW
13539,0.74312,1,HIGH
13544,0.685581,1,HIGH
13546,0.688213,1,HIGH
13548,0.635361,1,MEDIUM
13549,0.260001,0,LOW
13552,0.113169,0,LOW
13555,0.617087,1,MEDIUM
13557,0.74381,1,HIGH
13561,0.7036,1,HIGH
13562,0.554392,1,MEDIUM
13563,0.69957,1,HIGH
13564,0.826776,1,HIGH
13568,0.663095,1,HIGH
13570,0.708756,1,HIGH
13571,0.049003,0,LOW
13572,0.684447,1,HIGH
13573,0.763598,1,HIGH
13575,0.476845,0,MEDIUM
13576,0.053871,0,LOW
13577,0.560826,1,MEDIUM
13583,0.601106,1,MEDIUM
13588,0.217985,0,LOW
13589,0.707542,1,HIGH
13590,0.231363,0,LOW
13591,0.561238,1,MEDIUM
13592,0.507633,1,MEDIUM
13593,0.246055,0,LOW
13599,0.15555,0,LOW
13601,0.720368,1,HIGH
13606,0.686179,1,HIGH
13610,0.117477,0,LOW
13611,0.687849,1,HIGH
13614,0.619272,1,MEDIUM
13617,0.480476,0,MEDIUM
13618,0.667396,1,HIGH
13621,0.551877,1,MEDIUM
13623,0.31195,0,LOW
13626,0.70612,1,HIGH
13627,0.381178,0,MEDIUM
13629,0.15102,0,LOW
13630,0.248832,0,LOW
13631,0.22639,0,LOW
13632,0.378687,0,MEDIUM
13634,0.547602,1,MEDIUM
13636,0.366445,0,MEDIUM
13637,0.463766,0,MEDIUM
13642,0.638132,1,MEDIUM
13643,0.702841,1,HIGH
13644,0.538462,1,MEDIUM
13645,0.685118,1,HIGH
13647,0.447647,0,MEDIUM
13649,0.728414,1,HIGH
13650,0.548026,1,MEDIUM
13652,0.68948,1,HIGH
13654,0.126549,0,LOW
13655,0.440822,0,MEDIUM
13656,0.653071,1,HIGH
13657,0.699896,1,HIGH
13658,0.74694,1,HIGH
13659,0.669756,1,HIGH
13662,0.570362,1,MEDIUM
13663,0.734019,1,HIGH
13667,0.613203,1,MEDIUM
13668,0.021489,0,LOW
13669,0.688997,1,HIGH
13675,0.691538,1,HIGH
13678,0.64635,1,MEDIUM
13681,0.725016,1,HIGH
13682,0.730057,1,HIGH
13686,0.673466,1,HIGH
13692,0.483553,0,MEDIUM
13694,0.000477,0,LOW
13695,0.046894,0,LOW
13699,0.736884,1,HIGH
13700,0.266404,0,LOW
13705,0.648441,1,MEDIUM
13707,0.794942,1,HIGH
13708,0.68716,1,HIGH
13709,0.144642,0,LOW
13711,0.705045,1,HIGH
13712,0.73424,1,HIGH
13715,0.819305,1,HIGH
13716,0.739602,1,HIGH
13717,0.174012,0,LOW
13718,0.755848,1,HIGH
13719,0.532847,1,MEDIUM
13720,0.135212,0,LOW
13722,0.576074,1,MEDIUM
13723,0.782071,1,HIGH
13725,0.312337,0,LOW
13726,0.572075,1,MEDIUM
13728,0.171185,0,LOW
13730,0.460261,0,MEDIUM
13731,0.43402,0,MEDIUM
13735,0.417692,0,MEDIUM
13736,0.657651,1,HIGH
13737,0.731342,1,HIGH
13740,0.689334,1,HIGH
13741,0.376679,0,MEDIUM
13742,0.209414,0,LOW
13743,0.141135,0,LOW
13745,0.711514,1,HIGH
13748,0.566032,1,MEDIUM
13750,0.560502,1,MEDIUM
13752,0.082484,0,LOW
13754,0.687909,1,HIGH
13756,0.112922,0,LOW
13758,0.401391,0,MEDIUM
13760,0.710093,1,HIGH
13761,0.624786,1,MEDIUM
13762,0.695135,1,HIGH
13764,0.66382,1,HIGH
13767,0.047664,0,LOW
13769,0.145286,0,LOW
13771,0.463764,0,MEDIUM
13772,0.695642,1,HIGH
13777,0.055181,0,LOW
13778,0.638739,1,MEDIUM
13780,0.685552,1,HIGH
13781,0.717916,1,HIGH
13782,0.536036,1,MEDIUM
13784,0.117119,0,LOW
13791,0.396622,0,MEDIUM
13798,0.014192,0,LOW
13799,0.603229,1,MEDIUM
13802,0.584576,1,MEDIUM
13803,0.727182,1,HIGH
13804,0.575984,1,MEDIUM
13805,0.67398,1,HIGH
13811,0.378638,0,MEDIUM
13812,0.601864,1,MEDIUM
13813,0.649267,1,MEDIUM
13814,0.66775,1,HIGH
13815,0.609376,1,MEDIUM
13821,0.545229,1,MEDIUM
13824,0.307594,0,LOW
13826,0.71441,1,HIGH
13827,0.431785,0,MEDIUM
13831,0.413295,0,MEDIUM
13833,0.671707,1,HIGH
13835,0.592642,1,MEDIUM
13837,0.719438,1,HIGH
13838,0.500732,1,MEDIUM
13841,0.75183,1,HIGH
13842,0.174386,0,LOW
13846,0.759676,1,HIGH
13849,0.632867,1,MEDIUM
13850,0.530323,1,MEDIUM
13851,0.593164,1,MEDIUM
13854,0.083322,0,LOW
13856,0.369191,0,MEDIUM
13862,0.14864,0,LOW
13863,0.701484,1,HIGH
13865,0.448426,0,MEDIUM
13867,0.779575,1,HIGH
13869,0.253579,0,LOW
13870,0.18083,0,LOW
13871,0.033092,0,LOW
13873,0.520816,1,MEDIUM
13875,0.217797,0,LOW
13880,0.094408,0,LOW
13881,0.038619,0,LOW
13883,0.353555,0,MEDIUM
13884,0.667891,1,HIGH
13885,0.336442,0,LOW
13887,0.757787,1,HIGH
13888,0.444023,0,MEDIUM
13890,0.615388,1,MEDIUM
13892,0.744061,1,HIGH
13895,0.385667,0,MEDIUM
13899,0.710907,1,HIGH
13900,0.341485,0,LOW
13901,0.194119,0,LOW
13908,0.242007,0,LOW
13911,0.089149,0,LOW
13917,0.71998,1,HIGH
13918,0.795987,1,HIGH
13919,0.592273,1,MEDIUM
13925,0.408579,0,MEDIUM
13928,0.391904,0,MEDIUM
13929,0.739192,1,HIGH
13930,0.667075,1,HIGH
13931,0.696373,1,HIGH
13933,0.451516,0,MEDIUM
13934,0.672671,1,HIGH
13936,0.630772,1,MEDIUM
13937,0.74217,1,HIGH
13939,0.577937,1,MEDIUM
13940,0.372018,0,MEDIUM
13941,0.668988,1,HIGH
13946,0.559427,1,MEDIUM
13950,0.730912,1,HIGH
13951,0.521899,1,MEDIUM
13952,0.331921,0,LOW
13953,0.153052,0,LOW
13955,0.732879,1,HIGH
13956,0.30413,0,LOW
13959,0.799906,1,HIGH
13962,0.730331,1,HIGH
13967,0.684985,1,HIGH
13969,0.017328,0,LOW
13971,0.08424,0,LOW
13972,0.689991,1,HIGH
13975,0.097299,0,LOW
13976,0.684207,1,HIGH
13982,0.710538,1,HIGH
13983,0.393075,0,MEDIUM
13984,0.574113,1,MEDIUM
13985,0.045413,0,LOW
13988,0.211686,0,LOW
13989,0.746195,1,HIGH
13990,0.746088,1,HIGH
13991,0.689797,1,HIGH
13993,0.179181,0,LOW
13994,0.402651,0,MEDIUM
13995,0.30973,0,LOW
13999,0.061263,0,LOW
14000,0.754095,1,HIGH
14001,0.692802,1,HIGH
14002,0.562363,1,MEDIUM
14004,0.220082,0,LOW
14005,0.270811,0,LOW
14006,0.457668,0,MEDIUM
14009,0.552617,1,MEDIUM
14012,0.750773,1,HIGH
14013,0.277377,0,LOW
14016,0.19385,0,LOW
14019,0.681817,1,HIGH
14021,0.361758,0,MEDIUM
14022,0.717005,1,HIGH
14023,0.751188,1,HIGH
14024,0.423889,0,MEDIUM
14029,0.739186,1,HIGH
14030,0.354316,0,MEDIUM
14031,0.082354,0,LOW
14032,0.158419,0,LOW
14034,0.691243,1,HIGH
14035,0.595906,1,MEDIUM
14037,0.724652,1,HIGH
14038,0.528261,1,MEDIUM
14040,0.089468,0,LOW
14041,0.738261,1,HIGH
14044,0.305166,0,LOW
14045,0.676583,1,HIGH
14047,0.71029,1,HIGH
14049,0.302733,0,LOW
14050,0.582362,1,MEDIUM
14051,0.052094,0,LOW
14053,0.439035,0,MEDIUM
14055,0.661597,1,HIGH
14056,0.007245,0,LOW
14057,0.021909,0,LOW
14059,0.724253,1,HIGH
14060,0.027982,0,LOW
14062,0.140113,0,LOW
14064,0.212415,0,LOW
14066,0.747973,1,HIGH
14071,0.576719,1,MEDIUM
14075,0.769406,1,HIGH
14076,0.617708,1,MEDIUM
14077,0.390451,0,MEDIUM
14078,0.201822,0,LOW
14079,0.612249,1,MEDIUM
14083,0.283619,0,LOW
14085,0.109206,0,LOW
14088,0.09161,0,LOW
14092,0.103555,0,LOW
14096,0.590953,1,MEDIUM
14099,0.063741,0,LOW
14100,0.647912,1,MEDIUM
14101,0.283301,0,LOW
14104,0.486088,0,MEDIUM
14105,0.702363,1,HIGH
14107,0.28064,0,LOW
14108,0.588134,1,MEDIUM
14110,0.067754,0,LOW
14111,0.569926,1,MEDIUM
14112,0.192791,0,LOW
14114,0.728683,1,HIGH
14116,0.618111,1,MEDIUM
14117,0.659451,1,HIGH
14127,0.559954,1,MEDIUM
14128,0.695493,1,HIGH
14129,0.687648,1,HIGH
14132,0.126523,0,LOW
14133,0.622215,1,MEDIUM
14135,0.325556,0,LOW
14141,0.631816,1,MEDIUM
14143,0.646607,1,MEDIUM
14145,0.540757,1,MEDIUM
14146,0.700409,1,HIGH
14148,0.740143,1,HIGH
14149,0.667582,1,HIGH
14152,0.732665,1,HIGH
14154,0.69973,1,HIGH
14155,0.769386,1,HIGH
14156,0.000123,0,LOW
14159,0.045313,0,LOW
14161,0.484128,0,MEDIUM
14162,0.671764,1,HIGH
14163,0.335499,0,LOW
14165,0.731478,1,HIGH
14167,0.674012,1,HIGH
14173,0.74588,1,HIGH
14175,0.677784,1,HIGH
14177,0.679488,1,HIGH
14178,0.422142,0,MEDIUM
14180,0.029468,0,LOW
14188,0.246326,0,LOW
14189,0.050945,0,LOW
14191,0.072007,0,LOW
14193,0.717976,1,HIGH
14194,0.021375,0,LOW
14195,0.498053,0,MEDIUM
14196,0.598534,1,MEDIUM
14198,0.626205,1,MEDIUM
14199,0.748844,1,HIGH
14201,0.207561,0,LOW
14205,0.755571,1,HIGH
14206,0.76,1,HIGH
14209,0.137453,0,LOW
14210,0.314366,0,LOW
14211,0.428932,0,MEDIUM
14214,0.400671,0,MEDIUM
14215,0.684735,1,HIGH
14217,0.100255,0,LOW
14220,0.749868,1,HIGH
14221,0.119513,0,LOW
14222,0.703583,1,HIGH
14223,0.519491,1,MEDIUM
14224,0.25936,0,LOW
14226,0.574621,1,MEDIUM
14227,0.351542,0,MEDIUM
14231,0.436223,0,MEDIUM
14232,0.120408,0,LOW
14233,0.707696,1,HIGH
14235,0.274807,0,LOW
14239,0.137775,0,LOW
14240,0.712421,1,HIGH
14241,0.696107,1,HIGH
14242,0.720506,1,HIGH
14243,0.288456,0,LOW
14245,0.345675,0,LOW
14246,0.262445,0,LOW
14247,0.75827,1,HIGH
14256,0.738789,1,HIGH
14257,0.183521,0,LOW
14258,0.18071,0,LOW
14259,0.667605,1,HIGH
14262,0.267388,0,LOW
14264,0.577385,1,MEDIUM
14265,0.340209,0,LOW
14267,0.580341,1,MEDIUM
14271,0.721337,1,HIGH
14272,0.747673,1,HIGH
14273,0.330454,0,LOW
14276,0.633194,1,MEDIUM
14277,0.65549,1,HIGH
14280,0.6893,1,HIGH
14282,0.053728,0,LOW
14285,0.714715,1,HIGH
14286,0.468922,0,MEDIUM
14287,0.709317,1,HIGH
14288,0.726645,1,HIGH
14289,0.206893,0,LOW
14291,0.090608,0,LOW
14292,0.220161,0,LOW
14293,0.711343,1,HIGH
14297,0.705166,1,HIGH
14298,0.00017,0,LOW
14299,0.53495,1,MEDIUM
14301,0.642889,1,MEDIUM
14304,0.696106,1,HIGH
14305,0.336431,0,LOW
14307,0.492212,0,MEDIUM
14309,0.348709,0,LOW
14311,0.69909,1,HIGH
14312,0.518234,1,MEDIUM
14314,0.588143,1,MEDIUM
14315,0.134089,0,LOW
14320,0.684234,1,HIGH
14321,0.369075,0,MEDIUM
14323,0.570199,1,MEDIUM
14326,0.767732,1,HIGH
14327,0.702947,1,HIGH
14329,0.201593,0,LOW
14331,0.405381,0,MEDIUM
14332,0.677481,1,HIGH
14334,0.12982,0,LOW
14336,0.477146,0,MEDIUM
14338,0.518903,1,MEDIUM
14339,0.718818,1,HIGH
14340,0.697271,1,HIGH
14341,0.349297,0,LOW
14342,0.598338,1,MEDIUM
14344,0.169068,0,LOW
14346,0.534416,1,MEDIUM
14348,0.771386,1,HIGH
14350,0.75884,1,HIGH
14351,0.695229,1,HIGH
14352,0.244223,0,LOW
14353,0.757287,1,HIGH
14364,0.099112,0,LOW
14367,0.03119,0,LOW
14375,0.648005,1,MEDIUM
14377,0.639768,1,MEDIUM
14383,0.660374,1,HIGH
14387,0.596456,1,MEDIUM
14388,0.102921,0,LOW
14389,0.700417,1,HIGH
14390,0.268486,0,LOW
14393,0.791836,1,HIGH
14395,0.125328,0,LOW
14397,0.109549,0,LOW
14400,0.703737,1,HIGH
14401,0.106027,0,LOW
14403,0.243542,0,LOW
14404,0.274779,0,LOW
14406,0.679467,1,HIGH
14407,0.090828,0,LOW
14408,0.121333,0,LOW
14409,0.399579,0,MEDIUM
14410,0.14001,0,LOW
14414,0.214388,0,LOW
14415,0.079792,0,LOW
14418,0.667385,1,HIGH
14419,0.692655,1,HIGH
14421,0.693161,1,HIGH
14422,0.58444,1,MEDIUM
14423,0.766763,1,HIGH
14426,0.239247,0,LOW
14428,0.70694,1,HIGH
14441,0.734343,1,HIGH
14442,0.682882,1,HIGH
14443,0.629303,1,MEDIUM
14446,0.623723,1,MEDIUM
14447,0.532105,1,MEDIUM
14449,0.669232,1,HIGH
14450,0.509957,1,MEDIUM
14451,0.628855,1,MEDIUM
14453,0.717819,1,HIGH
14456,0.237905,0,LOW
14459,0.682859,1,HIGH
14460,0.452237,0,MEDIUM
14461,0.178221,0,LOW
14462,0.062911,0,LOW
14463,0.461455,0,MEDIUM
14465,0.59253,1,MEDIUM
14466,0.220476,0,LOW
14472,0.107948,0,LOW
14473,0.77647,1,HIGH
14475,0.720396,1,HIGH
14476,0.746683,1,HIGH
14477,0.732326,1,HIGH
14479,0.704102,1,HIGH
14481,0.657123,1,HIGH
14482,0.767416,1,HIGH
14483,0.733183,1,HIGH
14489,0.712154,1,HIGH
14491,0.731482,1,HIGH
14493,0.716084,1,HIGH
14495,0.665146,1,HIGH
14498,0.183411,0,LOW
14499,0.597357,1,MEDIUM
14500,0.413436,0,MEDIUM
14501,0.713426,1,HIGH
14502,0.191465,0,LOW
14503,0.635436,1,MEDIUM
14504,0.353017,0,MEDIUM
14505,0.070754,0,LOW
14506,0.51181,1,MEDIUM
14507,0.298767,0,LOW
14511,0.684073,1,HIGH
14512,0.457083,0,MEDIUM
14513,0.567526,1,MEDIUM
14514,0.730445,1,HIGH
14515,0.533383,1,MEDIUM
14517,0.668098,1,HIGH
14522,0.758062,1,HIGH
14523,0.625345,1,MEDIUM
14524,0.289874,0,LOW
14525,0.050594,0,LOW
14527,0.012219,0,LOW
14529,0.56229,1,MEDIUM
14530,0.222292,0,LOW
14532,0.712102,1,HIGH
14533,0.611503,1,MEDIUM
14534,0.017058,0,LOW
14535,0.309585,0,LOW
14536,0.728572,1,HIGH
14538,0.766363,1,HIGH
14541,0.309263,0,LOW
14542,0.670748,1,HIGH
14543,0.067798,0,LOW
14546,0.363957,0,MEDIUM
14548,0.705331,1,HIGH
14551,0.780561,1,HIGH
14552,0.616551,1,MEDIUM
14553,0.705032,1,HIGH
14560,0.104244,0,LOW
14561,0.605531,1,MEDIUM
14562,0.101375,0,LOW
14565,0.472753,0,MEDIUM
14566,0.61551,1,MEDIUM
14567,0.653697,1,HIGH
14570,0.708687,1,HIGH
14572,0.182229,0,LOW
14573,0.228475,0,LOW
14577,0.54027,1,MEDIUM
14583,0.132785,0,LOW
14584,0.38655,0,MEDIUM
14586,0.711899,1,HIGH
14587,0.12442,0,LOW
14591,0.711255,1,HIGH
14593,0.635167,1,MEDIUM
14597,0.723174,1,HIGH
14603,0.741613,1,HIGH
14606,0.000789,0,LOW
14607,0.780631,1,HIGH
14609,0.258618,0,LOW
14616,0.715566,1,HIGH
14619,0.667215,1,HIGH
14620,0.520219,1,MEDIUM
14621,0.487485,0,MEDIUM
14622,0.693775,1,HIGH
14623,0.246696,0,LOW
14625,0.732204,1,HIGH
14626,0.427025,0,MEDIUM
14628,0.754838,1,HIGH
14631,0.767427,1,HIGH
14632,0.698133,1,HIGH
14633,0.782577,1,HIGH
14636,0.705121,1,HIGH
14639,0.58709,1,MEDIUM
14640,0.139161,0,LOW
14643,0.709549,1,HIGH
14645,0.619111,1,MEDIUM
14646,1e-06,0,LOW
14647,0.691168,1,HIGH
14649,0.690257,1,HIGH
14651,0.696055,1,HIGH
14655,0.734828,1,HIGH
14656,0.598961,1,MEDIUM
14657,0.676437,1,HIGH
14658,0.642537,1,MEDIUM
14659,0.149033,0,LOW
14660,0.576126,1,MEDIUM
14662,0.512249,1,MEDIUM
14667,0.021961,0,LOW
14669,0.657185,1,HIGH
14670,0.606301,1,MEDIUM
14672,0.682595,1,HIGH
14676,0.320251,0,LOW
14680,0.032037,0,LOW
14681,0.710447,1,HIGH
14682,0.529066,1,MEDIUM
14684,0.52907,1,MEDIUM
14687,0.595959,1,MEDIUM
14688,0.043429,0,LOW
14689,0.687785,1,HIGH
14690,0.65274,1,HIGH
14691,0.679368,1,HIGH
14692,0.658218,1,HIGH
14693,0.733551,1,HIGH
14696,0.26263,0,LOW
14697,0.742992,1,HIGH
14699,0.745698,1,HIGH
14700,0.462702,0,MEDIUM
14701,0.215606,0,LOW
14702,0.151783,0,LOW
14704,0.443121,0,MEDIUM
14705,0.723666,1,HIGH
14708,0.752136,1,HIGH
14709,0.053616,0,LOW
14711,0.043933,0,LOW
14712,0.637179,1,MEDIUM
14713,0.095166,0,LOW
14716,0.67232,1,HIGH
14719,0.484691,0,MEDIUM
14720,0.63514,1,MEDIUM
14722,0.684708,1,HIGH
14727,0.77089,1,HIGH
14730,0.083828,0,LOW
14731,0.583272,1,MEDIUM
14732,0.159083,0,LOW
14733,0.105059,0,LOW
14735,0.053475,0,LOW
14737,0.621444,1,MEDIUM
14738,0.307948,0,LOW
14739,0.719454,1,HIGH
14740,0.172458,0,LOW
14741,0.484861,0,MEDIUM
14745,0.180017,0,LOW
14747,0.751949,1,HIGH
14748,0.452654,0,MEDIUM
14755,0.061086,0,LOW
14758,0.162778,0,LOW
14759,0.471683,0,MEDIUM
14762,0.678396,1,HIGH
14765,0.54847,1,MEDIUM
14766,0.233237,0,LOW
14768,0.65611,1,HIGH
14769,0.008747,0,LOW
14770,0.717083,1,HIGH
14772,0.659781,1,HIGH
14775,0.662417,1,HIGH
14776,0.086337,0,LOW
14778,0.662295,1,HIGH
14779,0.757283,1,HIGH
14790,0.585819,1,MEDIUM
14794,0.437623,0,MEDIUM
14795,0.700648,1,HIGH
14796,0.009213,0,LOW
14798,0.719724,1,HIGH
14800,0.042851,0,LOW
14803,0.645281,1,MEDIUM
14808,0.226985,0,LOW
14810,0.06891,0,LOW
14816,0.742837,1,HIGH
14817,0.585785,1,MEDIUM
14818,0.57867,1,MEDIUM
14819,0.726772,1,HIGH
14820,0.712079,1,HIGH
14823,0.415244,0,MEDIUM
14825,0.144754,0,LOW
14828,0.479427,0,MEDIUM
14829,0.73332,1,HIGH
14834,0.616874,1,MEDIUM
14837,0.193057,0,LOW
14840,0.751295,1,HIGH
14841,0.589509,1,MEDIUM
14842,0.569301,1,MEDIUM
14844,0.193323,0,LOW
14847,0.663084,1,HIGH
14849,0.042526,0,LOW
14851,0.751669,1,HIGH
14852,0.252565,0,LOW
14853,0.763401,1,HIGH
14854,0.101434,0,LOW
14855,0.397991,0,MEDIUM
14857,0.700368,1,HIGH
14859,0.735703,1,HIGH
14862,0.65732,1,HIGH
14866,0.380017,0,MEDIUM
14867,0.443323,0,MEDIUM
14868,0.225634,0,LOW
14869,0.584693,1,MEDIUM
14870,0.716063,1,HIGH
14871,0.602963,1,MEDIUM
14873,0.709063,1,HIGH
14875,0.592633,1,MEDIUM
14878,0.309162,0,LOW
14880,0.709782,1,HIGH
14883,0.507385,1,MEDIUM
14885,0.654311,1,HIGH
14886,0.687104,1,HIGH
14888,0.726763,1,HIGH
14890,0.727718,1,HIGH
14891,0.353411,0,MEDIUM
14895,0.047725,0,LOW
14896,0.691398,1,HIGH
14898,0.59933,1,MEDIUM
14901,0.463602,0,MEDIUM
14903,0.065238,0,LOW
14905,0.550046,1,MEDIUM
14907,0.613969,1,MEDIUM
14911,2e-06,0,LOW
14912,0.723536,1,HIGH
14913,0.466445,0,MEDIUM
14915,0.721337,1,HIGH
14916,0.638837,1,MEDIUM
14918,0.401974,0,MEDIUM
14920,0.626958,1,MEDIUM
14921,0.635633,1,MEDIUM
14924,0.706495,1,HIGH
14930,0.412818,0,MEDIUM
14931,0.438511,0,MEDIUM
14934,0.71084,1,HIGH
14936,0.178932,0,LOW
14937,0.668793,1,HIGH
14944,0.217762,0,LOW
14947,0.596502,1,MEDIUM
14948,0.217774,0,LOW
14952,0.46426,0,MEDIUM
14957,0.781061,1,HIGH
14958,0.302222,0,LOW
14959,0.492636,0,MEDIUM
14960,0.722063,1,HIGH
14961,0.395714,0,MEDIUM
14962,0.721006,1,HIGH
14963,0.667432,1,HIGH
14964,0.754291,1,HIGH
14970,0.674708,1,HIGH
14972,0.646823,1,MEDIUM
14973,0.34877,0,LOW
14976,0.263696,0,LOW
14978,0.672044,1,HIGH
14981,0.749076,1,HIGH
14984,0.671412,1,HIGH
14985,0.69215,1,HIGH
14988,0.677305,1,HIGH
14995,0.7262,1,HIGH
14997,0.745624,1,HIGH
14998,0.550748,1,MEDIUM
15002,0.548479,1,MEDIUM
15004,0.480914,0,MEDIUM
15005,0.01049,0,LOW
15007,0.726979,1,HIGH
15014,0.785455,1,HIGH
15016,0.684712,1,HIGH
15018,0.70607,1,HIGH
15019,0.663978,1,HIGH
15021,0.101108,0,LOW
15023,0.029051,0,LOW
15024,0.476656,0,MEDIUM
15026,0.577073,1,MEDIUM
15027,0.406176,0,MEDIUM
15030,0.782078,1,HIGH
15031,0.65054,1,HIGH
15032,0.763962,1,HIGH
15033,0.058917,0,LOW
15034,0.411317,0,MEDIUM
15036,0.544598,1,MEDIUM
15038,0.287997,0,LOW
15039,0.006995,0,LOW
15041,0.659028,1,HIGH
15042,0.761623,1,HIGH
15044,0.108287,0,LOW
15045,0.645658,1,MEDIUM
15046,0.102465,0,LOW
15047,0.707351,1,HIGH
15048,0.479751,0,MEDIUM
15049,0.756981,1,HIGH
15051,0.689285,1,HIGH
15053,0.649724,1,MEDIUM
15057,0.791047,1,HIGH
15058,0.187156,0,LOW
15059,0.202297,0,LOW
15061,0.034307,0,LOW
15062,0.685532,1,HIGH
15063,0.743697,1,HIGH
15065,0.449622,0,MEDIUM
15067,0.726621,1,HIGH
15068,0.717745,1,HIGH
15069,0.644472,1,MEDIUM
15071,0.73098,1,HIGH
15073,0.504524,1,MEDIUM
15074,0.592868,1,MEDIUM
15076,0.591161,1,MEDIUM
15078,0.028179,0,LOW
15079,0.71177,1,HIGH
15081,0.717498,1,HIGH
15083,0.742842,1,HIGH
15087,0.722027,1,HIGH
15089,0.336416,0,LOW
15092,0.584302,1,MEDIUM
15093,0.466166,0,MEDIUM
15095,0.277024,0,LOW
15098,0.898867,1,HIGH
15104,0.527221,1,MEDIUM
15105,0.643343,1,MEDIUM
15106,0.18414,0,LOW
15108,0.264365,0,LOW
15109,0.680877,1,HIGH
15110,0.595278,1,MEDIUM
15114,0.059448,0,LOW
15116,0.508613,1,MEDIUM
15117,0.495072,0,MEDIUM
15118,0.697111,1,HIGH
15119,0.699129,1,HIGH
15120,0.622902,1,MEDIUM
15122,0.492666,0,MEDIUM
15123,0.683636,1,HIGH
15124,0.678981,1,HIGH
15125,0.020932,0,LOW
15128,0.211228,0,LOW
15129,0.057805,0,LOW
15130,0.655668,1,HIGH
15132,0.247388,0,LOW
15133,0.585099,1,MEDIUM
15134,0.154139,0,LOW
15135,0.802071,1,HIGH
15139,0.726263,1,HIGH
15140,0.152494,0,LOW
15143,0.717066,1,HIGH
15144,0.099894,0,LOW
15145,0.648684,1,MEDIUM
15146,0.663677,1,HIGH
15147,0.742906,1,HIGH
15149,0.638579,1,MEDIUM
15150,0.036293,0,LOW
15152,0.094678,0,LOW
15157,0.660125,1,HIGH
15159,0.018443,0,LOW
15163,0.739815,1,HIGH
15164,0.674197,1,HIGH
15172,0.262185,0,LOW
15178,0.777261,1,HIGH
15179,0.521127,1,MEDIUM
15181,0.648479,1,MEDIUM
15182,0.639239,1,MEDIUM
15184,0.699741,1,HIGH
15186,0.719034,1,HIGH
15187,0.165639,0,LOW
15189,0.022612,0,LOW
15192,0.443092,0,MEDIUM
15194,0.053631,0,LOW
15197,0.72801,1,HIGH
15198,0.660976,1,HIGH
15199,0.741012,1,HIGH
15201,0.320519,0,LOW
15203,0.182507,0,LOW
15205,0.664291,1,HIGH
15206,0.601688,1,MEDIUM
15208,0.700618,1,HIGH
15210,0.751453,1,HIGH
15212,0.750848,1,HIGH
15214,0.498531,0,MEDIUM
15218,0.085944,0,LOW
15219,0.751096,1,HIGH
15220,0.055403,0,LOW
15223,0.643361,1,MEDIUM
15225,0.733799,1,HIGH
15227,0.681596,1,HIGH
15228,0.371579,0,MEDIUM
15230,0.578663,1,MEDIUM
15232,0.353846,0,MEDIUM
15234,0.699518,1,HIGH
15235,0.327819,0,LOW
15237,0.458422,0,MEDIUM
15238,0.746362,1,HIGH
15240,0.532962,1,MEDIUM
15241,0.074649,0,LOW
15244,0.762395,1,HIGH
15245,0.258656,0,LOW
15246,0.739063,1,HIGH
15247,0.637943,1,MEDIUM
15249,0.017035,0,LOW
15251,0.034158,0,LOW
15252,0.726371,1,HIGH
15253,0.692367,1,HIGH
15254,0.657065,1,HIGH
15256,0.6834,1,HIGH
15257,0.762174,1,HIGH
15258,0.514428,1,MEDIUM
15260,0.083173,0,LOW
15261,0.699714,1,HIGH
15263,0.585703,1,MEDIUM
15265,0.481128,0,MEDIUM
15267,0.495851,0,MEDIUM
15270,0.545306,1,MEDIUM
15271,0.079129,0,LOW
15280,0.74401,1,HIGH
15281,0.183847,0,LOW
15288,0.265096,0,LOW
15289,0.579626,1,MEDIUM
15290,0.051755,0,LOW
15291,0.232545,0,LOW
15292,0.71383,1,HIGH
15296,0.223669,0,LOW
15298,0.310085,0,LOW
15299,0.547586,1,MEDIUM
15301,0.031538,0,LOW
15304,0.19016,0,LOW
15306,0.713655,1,HIGH
15308,0.747863,1,HIGH
15311,0.000496,0,LOW
15312,0.579676,1,MEDIUM
15313,0.668127,1,HIGH
15314,0.712637,1,HIGH
15315,0.65039,1,HIGH
15319,0.74599,1,HIGH
15325,0.516515,1,MEDIUM
15329,0.384478,0,MEDIUM
15333,0.717124,1,HIGH
15334,0.316754,0,LOW
15342,0.586214,1,MEDIUM
15349,0.457536,0,MEDIUM
15353,0.682176,1,HIGH
15356,0.054003,0,LOW
15358,0.018475,0,LOW
15364,0.7576,1,HIGH
15367,0.450086,0,MEDIUM
15370,0.373946,0,MEDIUM
15372,0.690066,1,HIGH
15373,0.128415,0,LOW
15374,0.606352,1,MEDIUM
15376,0.411423,0,MEDIUM
15379,0.318177,0,LOW
15380,0.723456,1,HIGH
15381,0.599177,1,MEDIUM
15382,0.442471,0,MEDIUM
15384,0.654914,1,HIGH
15386,0.68832,1,HIGH
15388,0.758751,1,HIGH
15389,0.756119,1,HIGH
15393,0.793487,1,HIGH
15394,0.716082,1,HIGH
15396,0.589465,1,MEDIUM
15400,0.231135,0,LOW
15402,0.499474,0,MEDIUM
15405,0.738145,1,HIGH
15407,0.449741,0,MEDIUM
15408,0.729447,1,HIGH
15410,0.08028,0,LOW
15411,0.489688,0,MEDIUM
15412,0.732315,1,HIGH
15414,0.750938,1,HIGH
15416,0.123238,0,LOW
15421,0.714502,1,HIGH
15424,0.734169,1,HIGH
15426,0.735026,1,HIGH
15433,0.485485,0,MEDIUM
15434,0.525278,1,MEDIUM
15436,0.601054,1,MEDIUM
15437,0.70383,1,HIGH
15438,0.663314,1,HIGH
15440,0.498727,0,MEDIUM
15442,0.755505,1,HIGH
15443,0.597931,1,MEDIUM
15445,0.766594,1,HIGH
15449,0.462729,0,MEDIUM
15452,0.725641,1,HIGH
15453,0.272158,0,LOW
15456,0.737238,1,HIGH
15457,0.708542,1,HIGH
15462,0.489304,0,MEDIUM
15465,0.188541,0,LOW
15467,0.551352,1,MEDIUM
15469,0.669512,1,HIGH
15472,0.548626,1,MEDIUM
15480,0.60482,1,MEDIUM
15482,0.609276,1,MEDIUM
15483,0.549483,1,MEDIUM
15489,0.702052,1,HIGH
15491,0.088585,0,LOW
15493,0.29178,0,LOW
15494,0.536211,1,MEDIUM
15498,0.031015,0,LOW
15502,0.425025,0,MEDIUM
15505,0.271075,0,LOW
15506,0.597069,1,MEDIUM
15507,0.6424,1,MEDIUM
15508,0.297235,0,LOW
15512,0.683974,1,HIGH
15513,0.040566,0,LOW
15514,0.591338,1,MEDIUM
15517,0.724262,1,HIGH
15518,0.191374,0,LOW
15521,0.117432,0,LOW
15527,0.292794,0,LOW
15528,0.755461,1,HIGH
15529,0.056862,0,LOW
15530,0.25166,0,LOW
15532,0.316019,0,LOW
15535,0.546949,1,MEDIUM
15537,0.683547,1,HIGH
15541,0.615539,1,MEDIUM
15544,0.095329,0,LOW
15547,0.078937,0,LOW
15549,0.654475,1,HIGH
15550,0.501624,1,MEDIUM
15552,0.735431,1,HIGH
15554,0.714088,1,HIGH
15555,0.028866,0,LOW
15561,0.577992,1,MEDIUM
15563,0.65387,1,HIGH
15569,0.287429,0,LOW
15570,0.272695,0,LOW
15572,0.232011,0,LOW
15574,0.704648,1,HIGH
15577,0.69189,1,HIGH
15578,0.69909,1,HIGH
15581,0.050215,0,LOW
15582,0.565737,1,MEDIUM
15584,0.701358,1,HIGH
15585,0.621553,1,MEDIUM
15587,0.685703,1,HIGH
15589,0.696562,1,HIGH
15594,0.699829,1,HIGH
15596,0.309679,0,LOW
15599,0.698831,1,HIGH
15601,0.086992,0,LOW
15602,0.71896,1,HIGH
15605,0.739778,1,HIGH
15606,0.125539,0,LOW
15608,0.574035,1,MEDIUM
15609,0.712228,1,HIGH
15611,0.146242,0,LOW
15615,0.021621,0,LOW
15618,0.653787,1,HIGH
15620,0.690224,1,HIGH
15622,0.258828,0,LOW
15623,0.72949,1,HIGH
15624,0.189573,0,LOW
15625,0.160958,0,LOW
15628,0.204983,0,LOW
15630,0.676111,1,HIGH
15632,0.055675,0,LOW
15636,0.778522,1,HIGH
15639,0.680147,1,HIGH
15640,0.070242,0,LOW
15641,0.41958,0,MEDIUM
15643,0.484921,0,MEDIUM
15644,0.335696,0,LOW
15646,0.589243,1,MEDIUM
15648,0.591781,1,MEDIUM
15651,0.684141,1,HIGH
15653,0.592509,1,MEDIUM
15655,0.723618,1,HIGH
15656,0.554173,1,MEDIUM
15658,0.37164,0,MEDIUM
15660,0.301394,0,LOW
15663,0.65446,1,HIGH
15665,0.473122,0,MEDIUM
15668,0.713915,1,HIGH
15669,0.193915,0,LOW
15671,0.23943,0,LOW
15673,0.463178,0,MEDIUM
15674,0.244932,0,LOW
15675,0.671809,1,HIGH
15676,0.662455,1,HIGH
15679,0.378066,0,MEDIUM
15681,0.616023,1,MEDIUM
15683,0.609262,1,MEDIUM
15687,0.568469,1,MEDIUM
15689,0.600949,1,MEDIUM
15690,0.597593,1,MEDIUM
15691,0.781205,1,HIGH
15694,0.23022,0,LOW
15695,0.684866,1,HIGH
15696,0.404024,0,MEDIUM
15700,0.492458,0,MEDIUM
15701,0.418411,0,MEDIUM
15703,0.71568,1,HIGH
15704,0.258177,0,LOW
15705,0.738454,1,HIGH
15706,0.622174,1,MEDIUM
15708,0.49743,0,MEDIUM
15709,0.738282,1,HIGH
15712,0.432979,0,MEDIUM
15713,0.697857,1,HIGH
15716,0.250388,0,LOW
15717,0.743546,1,HIGH
15719,0.018091,0,LOW
15722,0.477576,0,MEDIUM
15724,0.727659,1,HIGH
15727,0.078153,0,LOW
15729,0.727809,1,HIGH
15730,0.689749,1,HIGH
15732,0.7431,1,HIGH
15733,0.722725,1,HIGH
15734,0.437906,0,MEDIUM
15737,0.270246,0,LOW
15738,0.052074,0,LOW
15743,0.439021,0,MEDIUM
15745,0.718359,1,HIGH
15746,0.685785,1,HIGH
15747,0.414071,0,MEDIUM
15749,0.888816,1,HIGH
15750,0.445829,0,MEDIUM
15752,0.079132,0,LOW
15754,0.742317,1,HIGH
15755,0.5731,1,MEDIUM
15756,0.210934,0,LOW
15757,0.704866,1,HIGH
15759,0.769186,1,HIGH
15764,0.106572,0,LOW
15768,0.326826,0,LOW
15769,0.014016,0,LOW
15775,0.739833,1,HIGH
15776,0.678118,1,HIGH
15777,0.770503,1,HIGH
15780,0.505015,1,MEDIUM
15781,0.687853,1,HIGH
15785,0.450648,0,MEDIUM
15786,0.383508,0,MEDIUM
15791,0.694111,1,HIGH
15793,0.733687,1,HIGH
15795,0.613918,1,MEDIUM
15796,0.223288,0,LOW
15797,0.626676,1,MEDIUM
15799,0.731094,1,HIGH
15800,0.454296,0,MEDIUM
15801,0.580183,1,MEDIUM
15802,0.782582,1,HIGH
15804,0.085013,0,LOW
15805,0.084808,0,LOW
15806,0.58294,1,MEDIUM
15809,0.426601,0,MEDIUM
15810,0.467669,0,MEDIUM
15811,0.410169,0,MEDIUM
15812,0.176151,0,LOW
15813,0.455577,0,MEDIUM
15815,0.191057,0,LOW
15819,0.189828,0,LOW
15825,0.700143,1,HIGH
15826,0.672113,1,HIGH
15827,0.057354,0,LOW
15829,0.630584,1,MEDIUM
15831,0.629574,1,MEDIUM
15832,0.710168,1,HIGH
15834,0.338226,0,LOW
15835,0.650669,1,HIGH
15838,0.029854,0,LOW
15839,0.720379,1,HIGH
15840,0.675617,1,HIGH
15841,0.736547,1,HIGH
15845,0.254075,0,LOW
15850,0.669176,1,HIGH
15852,0.495704,0,MEDIUM
15854,0.153973,0,LOW
15855,0.092526,0,LOW
15856,0.00675,0,LOW
15860,0.225957,0,LOW
15861,0.273337,0,LOW
15862,0.512552,1,MEDIUM
15863,0.706027,1,HIGH
15864,0.748628,1,HIGH
15865,0.702593,1,HIGH
15866,0.581502,1,MEDIUM
15867,0.034004,0,LOW
15869,0.796792,1,HIGH
15874,0.176832,0,LOW
15882,0.707081,1,HIGH
15889,0.660721,1,HIGH
15891,0.647139,1,MEDIUM
15894,0.753834,1,HIGH
15895,0.66511,1,HIGH
15897,0.697229,1,HIGH
15898,0.557856,1,MEDIUM
15901,0.669685,1,HIGH
15903,0.714535,1,HIGH
15906,0.31878,0,LOW
15907,0.397976,0,MEDIUM
15909,0.667482,1,HIGH
15910,0.410747,0,MEDIUM
15912,0.567076,1,MEDIUM
15916,0.542691,1,MEDIUM
15917,0.713334,1,HIGH
15918,0.522454,1,MEDIUM
15920,0.678455,1,HIGH
15921,0.667655,1,HIGH
15925,0.725686,1,HIGH
15932,0.086992,0,LOW
15935,0.600709,1,MEDIUM
15938,0.190111,0,LOW
15939,0.039968,0,LOW
15942,0.635225,1,MEDIUM
15944,0.73826,1,HIGH
15950,0.59794,1,MEDIUM
15952,0.549839,1,MEDIUM
15953,0.608551,1,MEDIUM
15955,0.15079,0,LOW
15969,0.713153,1,HIGH
15971,0.15147,0,LOW
15974,0.141085,0,LOW
15976,0.412382,0,MEDIUM
15980,0.754534,1,HIGH
15981,0.098885,0,LOW
15984,0.124208,0,LOW
15985,0.454082,0,MEDIUM
15987,0.208441,0,LOW
15996,0.310053,0,LOW
15998,0.290377,0,LOW
16003,0.383378,0,MEDIUM
16005,0.50691,1,MEDIUM
16006,0.732814,1,HIGH
16007,0.326958,0,LOW
16008,0.697992,1,HIGH
16009,0.601592,1,MEDIUM
16010,0.549181,1,MEDIUM
16011,0.103502,0,LOW
16012,0.281446,0,LOW
16013,0.038876,0,LOW
16014,0.631572,1,MEDIUM
16016,0.509742,1,MEDIUM
16018,0.696929,1,HIGH
16019,0.401092,0,MEDIUM
16022,0.669479,1,HIGH
16023,0.549804,1,MEDIUM
16027,0.304942,0,LOW
16029,0.016662,0,LOW
16031,0.71889,1,HIGH
16033,0.007316,0,LOW
16034,0.647963,1,MEDIUM
16036,0.749997,1,HIGH
16037,0.705303,1,HIGH
16038,0.459461,0,MEDIUM
16040,0.476435,0,MEDIUM
16041,0.742839,1,HIGH
16042,0.594382,1,MEDIUM
16043,0.541247,1,MEDIUM
16045,0.256449,0,LOW
16050,0.670923,1,HIGH
16053,0.568735,1,MEDIUM
16054,0.593379,1,MEDIUM
16055,0.697137,1,HIGH
16057,0.721103,1,HIGH
16059,0.478021,0,MEDIUM
16062,0.568757,1,MEDIUM
16063,0.742483,1,HIGH
16066,0.648638,1,MEDIUM
16076,0.286763,0,LOW
16078,0.73593,1,HIGH
16080,0.774824,1,HIGH
16081,0.561713,1,MEDIUM
16083,0.58486,1,MEDIUM
16085,0.689322,1,HIGH
16086,0.746098,1,HIGH
16091,0.480212,0,MEDIUM
16092,0.244665,0,LOW
16093,0.615992,1,MEDIUM
16094,0.728472,1,HIGH
16096,0.738615,1,HIGH
16097,0.743844,1,HIGH
16098,0.162005,0,LOW
16099,0.505976,1,MEDIUM
16102,0.604742,1,MEDIUM
16103,0.305959,0,LOW
16105,0.71145,1,HIGH
16107,0.251971,0,LOW
16109,0.678837,1,HIGH
16110,0.652957,1,HIGH
16112,0.62118,1,MEDIUM
16113,0.72196,1,HIGH
16114,0.678014,1,HIGH
16115,0.112617,0,LOW
16116,0.689501,1,HIGH
16117,0.670602,1,HIGH
16121,0.620089,1,MEDIUM
16122,0.578331,1,MEDIUM
16126,0.418001,0,MEDIUM
16128,0.674458,1,HIGH
16131,0.209823,0,LOW
16133,0.00706,0,LOW
16135,0.728937,1,HIGH
16136,0.721846,1,HIGH
16139,0.477266,0,MEDIUM
16142,0.67792,1,HIGH
16143,0.357031,0,MEDIUM
16144,0.73112,1,HIGH
16145,0.108036,0,LOW
16146,0.252148,0,LOW
16147,0.6224,1,MEDIUM
16149,0.705414,1,HIGH
16150,0.481828,0,MEDIUM
16152,0.702396,1,HIGH
16153,0.264106,0,LOW
16156,0.260781,0,LOW
16159,0.748637,1,HIGH
16161,0.107766,0,LOW
16162,0.782045,1,HIGH
16163,0.77375,1,HIGH
16168,0.033846,0,LOW
16170,0.093592,0,LOW
16172,0.248406,0,LOW
16174,0.301694,0,LOW
16175,0.24726,0,LOW
16178,0.717854,1,HIGH
16180,0.031256,0,LOW
16182,0.443219,0,MEDIUM
16184,0.141712,0,LOW
16185,0.704865,1,HIGH
16186,0.0546,0,LOW
16187,0.054757,0,LOW
16188,0.364742,0,MEDIUM
16191,0.700385,1,HIGH
16193,0.692775,1,HIGH
16200,0.65911,1,HIGH
16201,0.576835,1,MEDIUM
16203,0.576534,1,MEDIUM
16205,0.666396,1,HIGH
16206,0.470387,0,MEDIUM
16209,0.252129,0,LOW
16210,0.451714,0,MEDIUM
16212,0.731798,1,HIGH
16214,0.387074,0,MEDIUM
16216,0.747602,1,HIGH
16217,0.606275,1,MEDIUM
16218,0.161702,0,LOW
16221,0.711596,1,HIGH
16224,0.422363,0,MEDIUM
16225,0.319421,0,LOW
16226,0.482862,0,MEDIUM
16227,0.741111,1,HIGH
16229,0.69871,1,HIGH
16230,0.418095,0,MEDIUM
16232,0.576304,1,MEDIUM
16235,0.689697,1,HIGH
16239,0.671103,1,HIGH
16241,0.025015,0,LOW
16242,0.322101,0,LOW
16244,0.672618,1,HIGH
16245,0.531621,1,MEDIUM
16247,0.709578,1,HIGH
16249,0.167835,0,LOW
16250,0.77,1,HIGH
16253,0.690316,1,HIGH
16255,0.425935,0,MEDIUM
16256,0.741033,1,HIGH
16257,0.695514,1,HIGH
16258,0.12583,0,LOW
16261,0.612549,1,MEDIUM
16265,0.259745,0,LOW
16266,0.170102,0,LOW
16271,0.28016,0,LOW
16272,0.574344,1,MEDIUM
16275,0.677073,1,HIGH
16276,0.678998,1,HIGH
16278,0.659902,1,HIGH
16279,0.684006,1,HIGH
16283,0.245797,0,LOW
16287,0.660709,1,HIGH
16292,0.617229,1,MEDIUM
16293,0.511876,1,MEDIUM
16297,0.685982,1,HIGH
16298,0.691262,1,HIGH
16302,0.591657,1,MEDIUM
16303,0.494009,0,MEDIUM
16305,0.649172,1,MEDIUM
16306,0.730434,1,HIGH
16308,0.268636,0,LOW
16309,0.502964,1,MEDIUM
16316,0.151945,0,LOW
16317,0.32177,0,LOW
16319,0.728006,1,HIGH
16320,0.530293,1,MEDIUM
16323,0.745217,1,HIGH
16324,0.321588,0,LOW
16325,0.544544,1,MEDIUM
16326,0.145492,0,LOW
16327,0.521134,1,MEDIUM
16330,0.676401,1,HIGH
16332,0.427613,0,MEDIUM
16333,0.057529,0,LOW
16338,0.70731,1,HIGH
16340,0.443543,0,MEDIUM
16341,0.685842,1,HIGH
16342,0.228427,0,LOW
16344,0.743993,1,HIGH
16348,0.209088,0,LOW
16353,0.153646,0,LOW
16356,0.389802,0,MEDIUM
16357,0.449985,0,MEDIUM
16358,0.727231,1,HIGH
16359,0.166589,0,LOW
16364,0.680059,1,HIGH
16365,0.278633,0,LOW
16369,0.667724,1,HIGH
16370,0.131349,0,LOW
16374,0.729596,1,HIGH
16377,0.769689,1,HIGH
16378,0.776447,1,HIGH
16383,0.700623,1,HIGH
16384,0.701368,1,HIGH
16385,0.696209,1,HIGH
16386,0.741922,1,HIGH
16389,0.621261,1,MEDIUM
16392,0.700274,1,HIGH
16393,0.149773,0,LOW
16394,0.589159,1,MEDIUM
16395,0.672787,1,HIGH
16398,0.399121,0,MEDIUM
16399,0.709371,1,HIGH
16401,0.15892,0,LOW
16402,0.738457,1,HIGH
16407,0.140644,0,LOW
16409,0.501755,1,MEDIUM
16414,0.771238,1,HIGH
16418,0.754015,1,HIGH
16419,0.224901,0,LOW
16422,0.006226,0,LOW
16424,0.731193,1,HIGH
16426,0.779692,1,HIGH
16427,0.795825,1,HIGH
16429,0.652033,1,HIGH
16431,0.721701,1,HIGH
16434,0.559089,1,MEDIUM
16440,0.686716,1,HIGH
16442,0.641577,1,MEDIUM
16444,0.537192,1,MEDIUM
16446,0.691955,1,HIGH
16447,0.640709,1,MEDIUM
16448,0.742049,1,HIGH
16449,0.54737,1,MEDIUM
16450,0.677726,1,HIGH
16455,0.465587,0,MEDIUM
16456,0.46511,0,MEDIUM
16457,0.737184,1,HIGH
16458,0.039203,0,LOW
16461,0.671689,1,HIGH
16462,0.564531,1,MEDIUM
16463,0.725318,1,HIGH
16464,0.568973,1,MEDIUM
16466,0.17917,0,LOW
16469,0.69176,1,HIGH
16470,0.453229,0,MEDIUM
16471,0.712223,1,HIGH
16473,0.664887,1,HIGH
16474,0.580947,1,MEDIUM
16475,0.374949,0,MEDIUM
16477,0.331312,0,LOW
16483,0.704824,1,HIGH
16484,0.54572,1,MEDIUM
16488,0.369357,0,MEDIUM
16493,0.704578,1,HIGH
16495,0.764453,1,HIGH
16496,0.66436,1,HIGH
16497,0.509326,1,MEDIUM
16498,0.526117,1,MEDIUM
16503,0.476706,0,MEDIUM
16511,0.519902,1,MEDIUM
16515,0.587381,1,MEDIUM
16517,0.751461,1,HIGH
16520,0.461963,0,MEDIUM
16523,0.035168,0,LOW
16525,0.027531,0,LOW
16526,0.693176,1,HIGH
16529,0.741953,1,HIGH
16531,0.662651,1,HIGH
16532,0.693673,1,HIGH
16536,0.580686,1,MEDIUM
16539,0.698145,1,HIGH
16545,0.68415,1,HIGH
16549,0.485635,0,MEDIUM
16550,0.122874,0,LOW
16551,0.632682,1,MEDIUM
16552,0.709923,1,HIGH
16553,0.1719,0,LOW
16554,0.724548,1,HIGH
16555,0.619513,1,MEDIUM
16556,0.117771,0,LOW
16557,0.700368,1,HIGH
16558,0.023723,0,LOW
16566,0.370103,0,MEDIUM
16567,0.702884,1,HIGH
16570,0.127912,0,LOW
16571,0.491305,0,MEDIUM
16572,0.357291,0,MEDIUM
16581,0.683419,1,HIGH
16582,0.690961,1,HIGH
16584,0.741138,1,HIGH
16586,0.713589,1,HIGH
16587,0.756015,1,HIGH
16589,0.427338,0,MEDIUM
16592,0.154098,0,LOW
16593,0.700615,1,HIGH
16600,0.80143,1,HIGH
16607,0.056339,0,LOW
16609,0.163428,0,LOW
16610,0.740973,1,HIGH
16611,0.74418,1,HIGH
16612,0.435954,0,MEDIUM
16614,0.674597,1,HIGH
16616,0.706928,1,HIGH
16617,0.714217,1,HIGH
16618,0.474889,0,MEDIUM
16619,0.691199,1,HIGH
16620,0.724118,1,HIGH
16621,0.34655,0,LOW
16623,0.722188,1,HIGH
16624,0.718903,1,HIGH
16625,0.732372,1,HIGH
16626,0.09355,0,LOW
16628,0.115185,0,LOW
16633,0.240181,0,LOW
16634,0.727319,1,HIGH
16637,0.491198,0,MEDIUM
16638,0.320953,0,LOW
16639,0.494511,0,MEDIUM
16641,0.609586,1,MEDIUM
16642,0.711672,1,HIGH
16643,0.667929,1,HIGH
16644,0.463433,0,MEDIUM
16647,0.474962,0,MEDIUM
16652,0.158644,0,LOW
16654,0.393329,0,MEDIUM
16655,0.287954,0,LOW
16656,0.054161,0,LOW
16657,0.446196,0,MEDIUM
16659,0.753525,1,HIGH
16660,0.708827,1,HIGH
16668,0.175126,0,LOW
16670,0.073278,0,LOW
16671,0.703558,1,HIGH
16672,0.040214,0,LOW
16676,0.557818,1,MEDIUM
16678,0.052172,0,LOW
16681,0.179789,0,LOW
16682,0.480169,0,MEDIUM
16684,0.051497,0,LOW
16686,0.131586,0,LOW
16690,0.682933,1,HIGH
16692,0.782306,1,HIGH
16693,0.708028,1,HIGH
16696,0.336487,0,LOW
16697,0.771826,1,HIGH
16698,0.526511,1,MEDIUM
16700,0.026813,0,LOW
16701,0.071342,0,LOW
16705,0.329672,0,LOW
16706,0.560094,1,MEDIUM
16709,0.328495,0,LOW
16710,0.153075,0,LOW
16711,0.712604,1,HIGH
16712,0.058388,0,LOW
16713,0.037951,0,LOW
16714,0.728618,1,HIGH
16716,0.736342,1,HIGH
16717,0.507185,1,MEDIUM
16719,0.516013,1,MEDIUM
16721,0.746414,1,HIGH
16722,0.05168,0,LOW
16723,0.557559,1,MEDIUM
16726,0.721234,1,HIGH
16728,0.230975,0,LOW
16729,0.042665,0,LOW
16730,0.708748,1,HIGH
16734,0.637895,1,MEDIUM
16735,0.717645,1,HIGH
16739,0.663661,1,HIGH
16743,0.104756,0,LOW
16744,0.45976,0,MEDIUM
16745,0.022077,0,LOW
16746,0.031348,0,LOW
16748,0.70712,1,HIGH
16750,0.383276,0,MEDIUM
16755,0.39143,0,MEDIUM
16756,0.684551,1,HIGH
16762,0.683695,1,HIGH
16763,0.683333,1,HIGH
16764,0.187594,0,LOW
16766,0.726382,1,HIGH
16767,0.048967,0,LOW
16768,0.597688,1,MEDIUM
16769,0.721279,1,HIGH
16770,0.68092,1,HIGH
16771,0.676715,1,HIGH
16774,0.290723,0,LOW
16775,0.168488,0,LOW
16777,0.711544,1,HIGH
16778,0.783675,1,HIGH
16779,0.029662,0,LOW
16780,0.633848,1,MEDIUM
16782,0.177923,0,LOW
16788,0.408766,0,MEDIUM
16791,0.277527,0,LOW
16792,0.776262,1,HIGH
16794,0.148547,0,LOW
16801,0.288974,0,LOW
16804,0.764868,1,HIGH
16805,0.619371,1,MEDIUM
16806,0.126455,0,LOW
16807,0.263356,0,LOW
16808,0.803625,1,HIGH
16809,0.298661,0,LOW
16810,0.734198,1,HIGH
16813,0.053388,0,LOW
16814,0.028032,0,LOW
16816,0.412801,0,MEDIUM
16817,0.157736,0,LOW
16818,0.064942,0,LOW
16823,0.724869,1,HIGH
16824,0.700755,1,HIGH
16825,0.670833,1,HIGH
16828,0.638036,1,MEDIUM
16829,0.67091,1,HIGH
16832,0.513551,1,MEDIUM
16833,0.692518,1,HIGH
16834,0.667791,1,HIGH
16835,0.654474,1,HIGH
16836,0.63588,1,MEDIUM
16837,0.220049,0,LOW
16838,0.720131,1,HIGH
16839,0.035031,0,LOW
16841,0.213453,0,LOW
16842,0.33657,0,LOW
16843,0.072831,0,LOW
16849,0.678649,1,HIGH
16852,0.739655,1,HIGH
16859,0.583083,1,MEDIUM
16861,0.741591,1,HIGH
16866,0.509294,1,MEDIUM
16869,0.52132,1,MEDIUM
16871,0.347833,0,LOW
16872,0.56008,1,MEDIUM
16873,0.223148,0,LOW
16875,0.673013,1,HIGH
16877,0.558763,1,MEDIUM
16880,0.167438,0,LOW
16882,0.748279,1,HIGH
16883,0.682429,1,HIGH
16889,0.440614,0,MEDIUM
16891,0.652073,1,HIGH
16892,0.680047,1,HIGH
16898,0.619886,1,MEDIUM
16899,0.439277,0,MEDIUM
16902,0.613385,1,MEDIUM
16904,0.009279,0,LOW
16905,0.396864,0,MEDIUM
16906,0.337184,0,LOW
16907,0.551027,1,MEDIUM
16912,0.486822,0,MEDIUM
16915,0.187921,0,LOW
16917,0.742297,1,HIGH
16918,0.665713,1,HIGH
16919,0.108587,0,LOW
16923,0.049693,0,LOW
16927,0.65051,1,HIGH
16928,0.03594,0,LOW
16929,0.445446,0,MEDIUM
16931,0.01167,0,LOW
16933,0.730732,1,HIGH
16938,0.269917,0,LOW
16940,0.564052,1,MEDIUM
16942,0.107189,0,LOW
16943,0.533058,1,MEDIUM
16945,0.054025,0,LOW
16947,0.679388,1,HIGH
16948,0.5354,1,MEDIUM
16949,0.316414,0,LOW
16950,0.61095,1,MEDIUM
16951,0.54604,1,MEDIUM
16952,0.602207,1,MEDIUM
16954,0.45625,0,MEDIUM
16955,0.685622,1,HIGH
16957,0.522354,1,MEDIUM
16960,0.679423,1,HIGH
16961,0.630832,1,MEDIUM
16963,0.713176,1,HIGH
16965,0.696999,1,HIGH
16966,0.351317,0,MEDIUM
16967,0.717306,1,HIGH
16968,0.583219,1,MEDIUM
16969,0.516433,1,MEDIUM
16976,0.79417,1,HIGH
16979,0.645569,1,MEDIUM
16980,0.776141,1,HIGH
16983,0.5803,1,MEDIUM
16984,0.30265,0,LOW
16985,0.313411,0,LOW
16987,0.495808,0,MEDIUM
16989,0.656225,1,HIGH
16990,0.693164,1,HIGH
16992,0.669472,1,HIGH
16996,0.439155,0,MEDIUM
16998,0.473111,0,MEDIUM
17001,0.07124,0,LOW
17002,0.698189,1,HIGH
17007,0.349171,0,LOW
17015,0.546611,1,MEDIUM
17017,0.160122,0,LOW
17019,0.644045,1,MEDIUM
17024,0.673481,1,HIGH
17026,0.743239,1,HIGH
17027,0.643222,1,MEDIUM
17029,0.569715,1,MEDIUM
17031,0.653912,1,HIGH
17033,0.771728,1,HIGH
17035,0.725797,1,HIGH
17040,0.652436,1,HIGH
17041,0.545161,1,MEDIUM
17042,0.118472,0,LOW
17043,0.613219,1,MEDIUM
17045,0.374773,0,MEDIUM
17046,0.702974,1,HIGH
17047,0.720799,1,HIGH
17048,0.640941,1,MEDIUM
17049,0.083164,0,LOW
17050,0.240142,0,LOW
17051,0.671421,1,HIGH
17053,0.610855,1,MEDIUM
17054,0.249651,0,LOW
17058,0.415904,0,MEDIUM
17059,0.134908,0,LOW
17060,0.759309,1,HIGH
17061,0.074365,0,LOW
17063,0.697264,1,HIGH
17064,0.670458,1,HIGH
17068,0.039977,0,LOW
17069,0.344211,0,LOW
17070,0.60156,1,MEDIUM
17071,0.161491,0,LOW
17073,0.567225,1,MEDIUM
17075,0.736619,1,HIGH
17076,0.70996,1,HIGH
17080,0.756063,1,HIGH
17083,0.645525,1,MEDIUM
17085,0.481789,0,MEDIUM
17088,0.4729,0,MEDIUM
17090,0.710629,1,HIGH
17091,0.454556,0,MEDIUM
17092,0.630375,1,MEDIUM
17096,0.586678,1,MEDIUM
17097,0.330115,0,LOW
17101,0.716284,1,HIGH
17102,0.732245,1,HIGH
17105,0.65359,1,HIGH
17107,0.124643,0,LOW
17109,0.703416,1,HIGH
17110,0.692045,1,HIGH
17114,0.194786,0,LOW
17115,0.411126,0,MEDIUM
17120,0.750481,1,HIGH
17122,0.656301,1,HIGH
17123,0.678058,1,HIGH
17124,0.702501,1,HIGH
17126,0.530466,1,MEDIUM
17133,0.420721,0,MEDIUM
17134,0.59072,1,MEDIUM
17138,0.722227,1,HIGH
17139,0.098266,0,LOW
17140,0.741488,1,HIGH
17142,0.791894,1,HIGH
17146,0.654539,1,HIGH
17147,0.669851,1,HIGH
17152,0.563813,1,MEDIUM
17155,0.679882,1,HIGH
17157,0.738183,1,HIGH
17158,0.69904,1,HIGH
17159,0.633453,1,MEDIUM
17160,0.14858,0,LOW
17162,0.156486,0,LOW
17164,0.247836,0,LOW
17166,0.667484,1,HIGH
17169,0.709593,1,HIGH
17173,0.320364,0,LOW
17174,0.720972,1,HIGH
17175,0.418166,0,MEDIUM
17176,0.692914,1,HIGH
17179,0.582815,1,MEDIUM
17180,0.73413,1,HIGH
17183,0.656609,1,HIGH
17187,0.722698,1,HIGH
17188,0.704393,1,HIGH
17189,0.68106,1,HIGH
17190,0.797071,1,HIGH
17191,0.544551,1,MEDIUM
17193,0.693762,1,HIGH
17194,0.760368,1,HIGH
17204,0.352215,0,MEDIUM
17211,0.33878,0,LOW
17212,0.808942,1,HIGH
17213,0.546024,1,MEDIUM
17214,0.765817,1,HIGH
17217,0.781198,1,HIGH
17218,0.752118,1,HIGH
17220,0.055916,0,LOW
17227,0.609574,1,MEDIUM
17228,0.655501,1,HIGH
17229,0.649854,1,MEDIUM
17230,0.768236,1,HIGH
17231,0.101148,0,LOW
17234,0.689881,1,HIGH
17236,0.609207,1,MEDIUM
17238,0.072169,0,LOW
17242,0.480624,0,MEDIUM
17243,0.066181,0,LOW
17245,0.694088,1,HIGH
17248,0.541413,1,MEDIUM
17250,0.763765,1,HIGH
17252,0.420088,0,MEDIUM
17256,0.638467,1,MEDIUM
17259,0.688442,1,HIGH
17262,0.588055,1,MEDIUM
17263,0.707339,1,HIGH
17265,0.31639,0,LOW
17266,0.666668,1,HIGH
17267,0.656405,1,HIGH
17268,0.29262,0,LOW
17272,0.507252,1,MEDIUM
17277,0.717405,1,HIGH
17278,0.737218,1,HIGH
17282,0.383283,0,MEDIUM
17284,0.159013,0,LOW
17287,0.28268,0,LOW
17288,0.502406,1,MEDIUM
17289,0.672093,1,HIGH
17293,0.454478,0,MEDIUM
17298,0.441331,0,MEDIUM
17299,0.493143,0,MEDIUM
17302,0.432992,0,MEDIUM
17306,0.062955,0,LOW
17312,0.454409,0,MEDIUM
17314,0.335956,0,LOW
17315,0.009,0,LOW
17320,0.556256,1,MEDIUM
17323,0.183732,0,LOW
17325,0.767241,1,HIGH
17331,0.635546,1,MEDIUM
17337,0.092051,0,LOW
17338,0.061017,0,LOW
17340,0.098148,0,LOW
17341,0.681991,1,HIGH
17345,0.700039,1,HIGH
17346,0.084953,0,LOW
17349,0.728504,1,HIGH
17351,0.694206,1,HIGH
17353,0.504184,1,MEDIUM
17360,0.703284,1,HIGH
17361,0.726784,1,HIGH
17362,0.735064,1,HIGH
17364,0.24254,0,LOW
17365,0.194868,0,LOW
17367,0.719816,1,HIGH
17368,0.539664,1,MEDIUM
17370,0.687792,1,HIGH
17372,0.355939,0,MEDIUM
17373,0.733351,1,HIGH
17374,0.522829,1,MEDIUM
17375,0.721574,1,HIGH
17377,0.212158,0,LOW
17381,0.01823,0,LOW
17384,0.778026,1,HIGH
17386,0.486827,0,MEDIUM
17388,0.580193,1,MEDIUM
17389,0.042948,0,LOW
17391,0.513211,1,MEDIUM
17394,0.743182,1,HIGH
17396,0.669698,1,HIGH
17398,0.294836,0,LOW
17400,0.176431,0,LOW
17402,0.219573,0,LOW
17404,0.038628,0,LOW
17405,0.666993,1,HIGH
17408,0.705775,1,HIGH
17409,0.482609,0,MEDIUM
17410,0.737725,1,HIGH
17411,0.743466,1,HIGH
17412,0.736661,1,HIGH
17414,0.692334,1,HIGH
17416,0.051557,0,LOW
17419,0.309132,0,LOW
17420,0.72774,1,HIGH
17422,0.2222,0,LOW
17423,0.690058,1,HIGH
17426,0.382605,0,MEDIUM
17428,0.012195,0,LOW
17429,0.226428,0,LOW
17436,0.720581,1,HIGH
17438,0.705725,1,HIGH
17440,0.63066,1,MEDIUM
17442,0.250772,0,LOW
17443,0.719576,1,HIGH
17444,0.223108,0,LOW
17446,0.686106,1,HIGH
17449,0.491845,0,MEDIUM
17450,0.003401,0,LOW
17451,0.579525,1,MEDIUM
17454,0.513387,1,MEDIUM
17455,0.717039,1,HIGH
17457,0.341725,0,LOW
17460,0.478141,0,MEDIUM
17463,0.510526,1,MEDIUM
17464,0.710159,1,HIGH
17469,0.202045,0,LOW
17470,0.278101,0,LOW
17472,0.66113,1,HIGH
17483,0.59343,1,MEDIUM
17486,0.743783,1,HIGH
17489,0.699213,1,HIGH
17490,0.655944,1,HIGH
17491,0.248733,0,LOW
17492,0.768529,1,HIGH
17501,0.684319,1,HIGH
17504,0.353659,0,MEDIUM
17505,0.409693,0,MEDIUM
17507,0.681299,1,HIGH
17508,0.695644,1,HIGH
17511,0.001453,0,LOW
17512,0.124203,0,LOW
17514,0.622591,1,MEDIUM
17515,0.594166,1,MEDIUM
17516,0.52044,1,MEDIUM
17519,0.185507,0,LOW
17521,0.74612,1,HIGH
17522,0.270269,0,LOW
17527,0.494591,0,MEDIUM
17530,0.359813,0,MEDIUM
17531,0.781048,1,HIGH
17535,0.77767,1,HIGH
17536,0.726673,1,HIGH
17542,0.714207,1,HIGH
17548,0.734425,1,HIGH
17550,0.547863,1,MEDIUM
17553,0.630335,1,MEDIUM
17554,0.280532,0,LOW
17556,0.698603,1,HIGH
17560,0.57266,1,MEDIUM
17562,0.182332,0,LOW
17567,0.232757,0,LOW
17571,0.642614,1,MEDIUM
17572,0.739453,1,HIGH
17574,0.704562,1,HIGH
17576,0.034898,0,LOW
17578,0.790639,1,HIGH
17579,0.432439,0,MEDIUM
17580,0.753881,1,HIGH
17581,0.044611,0,LOW
17582,0.701593,1,HIGH
17584,0.65646,1,HIGH
17585,0.150819,0,LOW
17588,0.243449,0,LOW
17589,0.19454,0,LOW
17591,0.291894,0,LOW
17593,0.29575,0,LOW
17594,0.707572,1,HIGH
17596,0.229232,0,LOW
17597,0.655676,1,HIGH
17601,0.791898,1,HIGH
17602,0.656115,1,HIGH
17604,0.697388,1,HIGH
17611,0.016289,0,LOW
17612,0.206483,0,LOW
17613,0.049011,0,LOW
17615,0.332535,0,LOW
17616,0.575148,1,MEDIUM
17618,0.747919,1,HIGH
17624,0.757564,1,HIGH
17625,0.382611,0,MEDIUM
17629,0.133593,0,LOW
17630,0.533946,1,MEDIUM
17631,0.618562,1,MEDIUM
17633,0.48809,0,MEDIUM
17634,0.116864,0,LOW
17637,0.613607,1,MEDIUM
17639,0.783012,1,HIGH
17642,0.387195,0,MEDIUM
17644,0.072836,0,LOW
17646,0.514209,1,MEDIUM
17648,0.482291,0,MEDIUM
17649,0.644683,1,MEDIUM
17651,0.26519,0,LOW
17652,0.105138,0,LOW
17653,0.670919,1,HIGH
17654,0.745064,1,HIGH
17655,0.450748,0,MEDIUM
17656,0.288139,0,LOW
17658,0.753801,1,HIGH
17659,0.105974,0,LOW
17660,0.653578,1,HIGH
17663,0.311193,0,LOW
17664,0.722093,1,HIGH
17667,0.397308,0,MEDIUM
17669,0.128347,0,LOW
17670,0.68843,1,HIGH
17671,0.448069,0,MEDIUM
17673,0.37204,0,MEDIUM
17675,0.007855,0,LOW
17676,0.323419,0,LOW
17677,0.024733,0,LOW
17678,0.722334,1,HIGH
17682,0.127225,0,LOW
17685,0.716938,1,HIGH
17686,0.275264,0,LOW
17690,0.051602,0,LOW
17692,0.422003,0,MEDIUM
17693,0.705356,1,HIGH
17694,0.676998,1,HIGH
17695,0.431359,0,MEDIUM
17696,0.115176,0,LOW
17697,0.739863,1,HIGH
17698,0.730962,1,HIGH
17700,0.527282,1,MEDIUM
17701,0.725598,1,HIGH
17702,0.176088,0,LOW
17703,0.38983,0,MEDIUM
17704,0.549264,1,MEDIUM
17705,0.109688,0,LOW
17706,0.042585,0,LOW
17707,0.751447,1,HIGH
17708,0.675581,1,HIGH
17709,0.692122,1,HIGH
17715,0.72322,1,HIGH
17716,0.080268,0,LOW
17718,0.743116,1,HIGH
17719,0.015366,0,LOW
17720,0.496145,0,MEDIUM
17722,0.702326,1,HIGH
17723,0.152171,0,LOW
17724,0.682456,1,HIGH
17725,0.023166,0,LOW
17730,0.05946,0,LOW
17731,0.472028,0,MEDIUM
17733,0.704936,1,HIGH
17734,0.546072,1,MEDIUM
17735,0.007318,0,LOW
17736,0.625958,1,MEDIUM
17738,0.456357,0,MEDIUM
17739,0.683081,1,HIGH
17742,0.671463,1,HIGH
17744,0.722045,1,HIGH
17746,0.759404,1,HIGH
17747,0.584066,1,MEDIUM
17749,0.569488,1,MEDIUM
17750,0.161412,0,LOW
17754,0.598487,1,MEDIUM
17757,0.023807,0,LOW
17758,0.192218,0,LOW
17759,0.701111,1,HIGH
17763,0.771907,1,HIGH
17764,0.753628,1,HIGH
17765,0.306031,0,LOW
17768,0.677807,1,HIGH
17769,0.268262,0,LOW
17770,0.498982,0,MEDIUM
17774,0.519899,1,MEDIUM
17775,0.721489,1,HIGH
17777,0.54448,1,MEDIUM
17779,0.648038,1,MEDIUM
17781,0.637004,1,MEDIUM
17783,0.685946,1,HIGH
17787,0.658877,1,HIGH
17788,0.620546,1,MEDIUM
17789,0.759465,1,HIGH
17790,0.118818,0,LOW
17795,0.58008,1,MEDIUM
17797,0.641168,1,MEDIUM
17799,0.190029,0,LOW
17800,0.151215,0,LOW
17802,0.634639,1,MEDIUM
17809,0.18315,0,LOW
17811,0.024364,0,LOW
17816,0.775535,1,HIGH
17817,0.801879,1,HIGH
17819,0.360272,0,MEDIUM
17827,0.731615,1,HIGH
17828,0.333586,0,LOW
17830,0.73687,1,HIGH
17837,0.463902,0,MEDIUM
17841,1.7e-05,0,LOW
17844,0.613156,1,MEDIUM
17848,0.220931,0,LOW
17849,0.586825,1,MEDIUM
17854,0.620919,1,MEDIUM
17856,0.494011,0,MEDIUM
17857,0.053717,0,LOW
17858,0.236077,0,LOW
17861,0.381312,0,MEDIUM
17863,0.559315,1,MEDIUM
17864,0.708628,1,HIGH
17865,0.025096,0,LOW
17866,0.676116,1,HIGH
17867,0.542779,1,MEDIUM
17869,0.392224,0,MEDIUM
17870,0.308143,0,LOW
17871,0.702037,1,HIGH
17873,0.420994,0,MEDIUM
17874,0.319079,0,LOW
17877,0.707619,1,HIGH
17879,0.693878,1,HIGH
17883,0.794232,1,HIGH
17886,0.46807,0,MEDIUM
17887,0.696201,1,HIGH
17888,0.556372,1,MEDIUM
17889,0.764066,1,HIGH
17891,0.742275,1,HIGH
17892,0.670337,1,HIGH
17893,0.724167,1,HIGH
17897,0.643294,1,MEDIUM
17898,0.75498,1,HIGH
17899,0.677053,1,HIGH
17900,0.746496,1,HIGH
17905,0.680561,1,HIGH
17906,0.784596,1,HIGH
17917,0.747853,1,HIGH
17920,0.0493,0,LOW
17921,0.324406,0,LOW
17923,0.795245,1,HIGH
17926,0.453522,0,MEDIUM
17928,0.786883,1,HIGH
17929,0.509769,1,MEDIUM
17930,0.614222,1,MEDIUM
17931,0.485735,0,MEDIUM
17932,0.397748,0,MEDIUM
17935,0.520662,1,MEDIUM
17937,0.579847,1,MEDIUM
17939,0.680891,1,HIGH
17940,0.054718,0,LOW
17941,0.596989,1,MEDIUM
17946,0.572694,1,MEDIUM
17948,0.70484,1,HIGH
17949,0.007712,0,LOW
17954,0.059642,0,LOW
17955,0.620713,1,MEDIUM
17956,0.76246,1,HIGH
17958,0.636116,1,MEDIUM
17960,0.697123,1,HIGH
17961,0.036867,0,LOW
17962,0.671462,1,HIGH
17965,0.11195,0,LOW
17966,0.325163,0,LOW
17969,0.698027,1,HIGH
17970,0.779513,1,HIGH
17972,0.70558,1,HIGH
17974,0.70312,1,HIGH
17975,0.052376,0,LOW
17979,0.479789,0,MEDIUM
17980,0.531419,1,MEDIUM
17984,0.649164,1,MEDIUM
17987,0.724996,1,HIGH
17988,0.535352,1,MEDIUM
17990,0.69469,1,HIGH
17991,0.660749,1,HIGH
17994,0.236643,0,LOW
17995,0.761756,1,HIGH
17997,0.346234,0,LOW
18008,0.351989,0,MEDIUM
18009,0.711104,1,HIGH
18010,0.731534,1,HIGH
18013,0.687459,1,HIGH
18016,0.709528,1,HIGH
18017,0.743253,1,HIGH
18018,0.545225,1,MEDIUM
18024,0.665841,1,HIGH
18036,0.539118,1,MEDIUM
18037,0.398183,0,MEDIUM
18040,0.68984,1,HIGH
18041,0.025435,0,LOW
18043,0.688007,1,HIGH
18044,0.159259,0,LOW
18048,0.744709,1,HIGH
18055,0.42462,0,MEDIUM
18061,0.076164,0,LOW
18062,0.434658,0,MEDIUM
18064,0.676622,1,HIGH
18065,0.508618,1,MEDIUM
18069,0.376044,0,MEDIUM
18071,0.711981,1,HIGH
18072,0.671818,1,HIGH
18073,0.110184,0,LOW
18075,0.097054,0,LOW
18077,0.17909,0,LOW
18078,0.58009,1,MEDIUM
18079,0.418405,0,MEDIUM
18080,0.732214,1,HIGH
18081,0.418432,0,MEDIUM
18086,0.761463,1,HIGH
18092,0.300111,0,LOW
18093,0.657325,1,HIGH
18094,0.388445,0,MEDIUM
18097,0.40973,0,MEDIUM
18099,0.655179,1,HIGH
18101,0.693622,1,HIGH
18102,0.006971,0,LOW
18108,0.737823,1,HIGH
18109,0.021622,0,LOW
18112,0.689988,1,HIGH
18116,0.421541,0,MEDIUM
18118,0.030042,0,LOW
18120,0.723628,1,HIGH
18121,0.56863,1,MEDIUM
18122,0.658416,1,HIGH
18125,0.629345,1,MEDIUM
18127,0.658132,1,HIGH
18129,0.739395,1,HIGH
18133,0.748784,1,HIGH
18135,0.73525,1,HIGH
18136,0.705082,1,HIGH
18142,0.551596,1,MEDIUM
18143,0.314718,0,LOW
18144,0.109644,0,LOW
18145,0.669903,1,HIGH
18146,0.546586,1,MEDIUM
18147,0.626136,1,MEDIUM
18149,0.618492,1,MEDIUM
18150,0.439034,0,MEDIUM
18151,0.649658,1,MEDIUM
18155,0.684257,1,HIGH
18160,0.71185,1,HIGH
18161,0.526123,1,MEDIUM
18165,0.714227,1,HIGH
18167,0.602592,1,MEDIUM
18168,0.289555,0,LOW
18170,0.591076,1,MEDIUM
18171,0.534365,1,MEDIUM
18172,0.080651,0,LOW
18173,0.317388,0,LOW
18177,0.140004,0,LOW
18178,0.432904,0,MEDIUM
18179,0.515987,1,MEDIUM
18180,0.477149,0,MEDIUM
18183,0.453674,0,MEDIUM
18185,0.740847,1,HIGH
18189,0.669449,1,HIGH
18190,0.734169,1,HIGH
18191,0.743758,1,HIGH
18193,0.697561,1,HIGH
18198,0.035389,0,LOW
18200,0.659752,1,HIGH
18202,0.670556,1,HIGH
18203,0.695588,1,HIGH
18204,0.25994,0,LOW
18210,0.789497,1,HIGH
18211,0.696394,1,HIGH
18213,0.685512,1,HIGH
18218,0.626268,1,MEDIUM
18219,0.231987,0,LOW
18220,0.700071,1,HIGH
18221,0.251103,0,LOW
18223,0.130099,0,LOW
18224,0.719867,1,HIGH
18225,0.083586,0,LOW
18226,0.027514,0,LOW
18227,0.731854,1,HIGH
18229,0.039245,0,LOW
18230,0.315563,0,LOW
18231,0.20596,0,LOW
18232,0.312759,0,LOW
18235,0.488154,0,MEDIUM
18236,0.155182,0,LOW
18237,0.384513,0,MEDIUM
18239,0.498354,0,MEDIUM
18241,0.038511,0,LOW
18242,0.565135,1,MEDIUM
18245,0.38718,0,MEDIUM
18246,0.75099,1,HIGH
18248,0.404188,0,MEDIUM
18252,0.697651,1,HIGH
18257,0.18616,0,LOW
18260,0.156847,0,LOW
18262,0.722984,1,HIGH
18263,0.540697,1,MEDIUM
18265,0.706653,1,HIGH
18268,0.769074,1,HIGH
18270,0.749995,1,HIGH
18272,0.145111,0,LOW
18273,0.725469,1,HIGH
18280,0.719931,1,HIGH
18281,0.671735,1,HIGH
18282,0.648884,1,MEDIUM
18283,0.096682,0,LOW
18287,0.652778,1,HIGH
